type,path,label,program,sha256,modified
launch_item,"~/Library/LaunchAgents","None","None","97704a8960b4facceef54397a08fb5d0a456247c3627359215aa2a27df22656c","2026-05-07T04:55:58.997559"
launch_item,"~/Library/LaunchAgents","None","None","97704a8960b4facceef54397a08fb5d0a456247c3627359215aa2a27df22656c","2026-05-07T04:55:58.997090"
launch_item,"~/Library/LaunchAgents","Memory","None","70ffccc2cfa4ee083b29950e7acbafead122ba0305ea44664670d931dc07c2c7","2026-04-23T18:47:15.999721"
launch_item,"~/Library/LaunchAgents","com.google.GoogleUpdater.wake","None","2ccc41c0111faaa881dd284ebbc80355aaff64511d6aa3e894b7c42cf576dcee","2026-05-07T02:55:48.081337"
launch_item,"/Library/LaunchDaemons","com.cloudflare.1dot1dot1dot1.macos.warp.daemon","None","9381406c292b21014e1b48d83b1a779e76a6492d6ebbd27b88dd4e5a31903733","2026-05-22T13:55:44.456656"
launch_item,"/Library/LaunchDaemons","com.nordvpn.macos.helper","/Library/PrivilegedHelperTools/com.nordvpn.macos.helper","13d9ba3d203957dc52a0a7a133c670a180fde03f22dbd5be386eb5dae3c487fb","2026-03-24T15:05:05.506817"
launch_item,"/System/Library/LaunchDaemons","com.apple.srp-mdns-proxy","None","4b28178e11c0efded7fddf8c406c7a9bdec03235ab6f0368e55c531813971550","2026-02-01T12:03:18"
launch_item,"/System/Library/LaunchDaemons","com.apple.symptomsd","/usr/libexec/symptomsd","3dc89b3070ebbd98934d3e0459bcb0de2b6a1ecef2531e8f67363b6ae6b5c66f","2026-02-01T12:03:18"
launch_item,"/System/Library/LaunchDaemons","com.openssh.sshd","/usr/libexec/sshd-keygen-wrapper","0ab04abd68787ca61d6192324aa093dbedb3edc9a57e202333ff2b6875804013","2026-02-01T12:03:18"
launch_item,"/System/Library/LaunchDaemons","com.apple.aslmanager","/usr/sbin/aslmanager","4e4821c75c2733a42a3502b6572508d09763070c929c9084e62c9fedc49bdce3","2026-02-01T12:03:18"
launch_item,"/System/Library/LaunchDaemons","com.apple.Kerberos.digest-service","None","cd54dfb8fd95a37013c8e81ad1262849399194035f993ecc09c18d3d74a0d804","2026-02-01T12:03:18"
launch_item,"/System/Library/LaunchDaemons","com.apple.uarpd","/usr/libexec/uarpd","40f23eae7989b0fc92e9a3d649251d36de8d6ba23e199f83195051f230a9f643","2026-02-01T12:03:18"
launch_item,"/System/Library/LaunchDaemons","com.apple.BTServer.le","None","f943b85815ecd5528ad465d64db932a62ee4754c854f593967769eedca5cd7f4","2026-02-01T12:03:18"
launch_item,"/System/Library/LaunchDaemons","com.apple.mobile.softwareupdated","None","c80cf9a84335930b2f9a168f5fc4fd503db7d73861968c60716053bbcd04e7ec","2026-02-01T12:03:18"
launch_item,"/System/Library/LaunchDaemons","com.apple.mbsystemadministration","None","263e99b85e92b9ed59867869e3542f80705582e242fad9314f13a3ac5eddb360","2026-02-01T12:03:18"
launch_item,"/System/Library/LaunchDaemons","com.apple.ManagedClient.enroll","None","05a6bf62306d788d51b8c38b067162d37427d1da9f765ef56ed1733e9e567ef1","2026-02-01T12:03:18"
launch_item,"/System/Library/LaunchDaemons","com.apple.AssetCache.builtin","None","3d050849827b1602f8377d57e0fcb1fcb7d954e5d16454ca77189660f8c46bea","2026-02-01T12:03:18"
launch_item,"/System/Library/LaunchDaemons","com.apple.findmymacmessenger","/System/Library/PrivateFrameworks/FindMyMac.framework/Resources/FindMyMacMessenger.app/Contents/MacOS/FindMyMacMessenger","39e90a3e6a06c5983ec99bca1e2d7ebc14430f860af545fb5bce55366d908481","2026-02-01T12:03:18"
launch_item,"/System/Library/LaunchDaemons","com.apple.systemstats.daily","None","6efbe9f9e781e5c610a186c1a3a7619d9f8ac5124d553fafaa98d268017beb3a","2026-02-01T12:03:18"
launch_item,"/System/Library/LaunchDaemons","com.apple.applessdstatistics","None","18f8ce196b906a7e2098cbd496d1fec3e4a51ded34e63c3c18f1456d5d09f182","2026-02-01T12:03:18"
launch_item,"/System/Library/LaunchDaemons","com.apple.RFBEventHelper","None","3c2e0fabacbadbf5004faf8c7bf6f1719a7c0f1a273b5ed9be1957ce73efa00d","2026-02-01T12:03:18"
launch_item,"/System/Library/LaunchDaemons","com.apple.Kerberos.kadmind","None","2202790c4634838dd53cabaa83a931972a43cdf3392a2ffb0ed8fdc21295f38e","2026-02-01T12:03:18"
launch_item,"/System/Library/LaunchDaemons","com.apple.avbdeviced","None","e2b4f133482ffd3b16a4e4cee0a2034aafdb7666a3b1b0110e28ecdab62b293d","2026-02-01T12:03:18"
launch_item,"/System/Library/LaunchDaemons","com.apple.xscertd","/usr/libexec/xscertd","fe9fafb8060ee657123d96b5c8ce16d52fe11f9382967601b29b163432586bf3","2026-02-01T12:03:18"
launch_item,"/System/Library/LaunchDaemons","com.apple.CoreAuthentication.daemon","None","bb1e52ab56a4afe1d90adbff6f7b38c64891e5bf453f47794e705d127c867e04","2026-02-01T12:03:18"
launch_item,"/System/Library/LaunchDaemons","com.apple.relatived","None","7a450d91755b9118f5ec128dbc7f4708a10429470d6e226413857943ffffa795","2026-02-01T12:03:18"
launch_item,"/System/Library/LaunchDaemons","com.apple.mdmclient.daemon.runatboot","None","d04d2fd4260a00c3e5b570ce6d4a29a84ae80c0ab7674dd61aa5ce2f418bdb09","2026-02-01T12:03:18"
launch_item,"/System/Library/LaunchDaemons","com.apple.notifyd","None","627b24feb59a493a50f488bc62ec9e878c333757d4ddb7786a977650ed9b1a05","2026-02-01T12:03:18"
launch_item,"/System/Library/LaunchDaemons","com.apple.multiversed","None","a33e2efbd83ec9e1553195cd996b9343bac46833f5a17cbcdca7b1f597f4c519","2026-02-01T12:03:18"
launch_item,"/System/Library/LaunchDaemons","com.apple.syslogd","None","4995f01037c1716fc335ba9942560b9b7df8e8cb2130110970e1e2d0ec8876b1","2026-02-01T12:03:18"
launch_item,"/System/Library/LaunchDaemons","com.apple.AEServer","None","586f7289ec4cb803b56c3221a39b9a48371180cf7dd0341863cbcc24b5fdc5ae","2026-02-01T12:03:18"
launch_item,"/System/Library/LaunchDaemons","com.apple.uarphidd","/usr/libexec/uarphidd","08916280f5251f1618aa9f2db1a7c228b6a7ad62d43ef300696908c4b623081b","2026-02-01T12:03:18"
launch_item,"/System/Library/LaunchDaemons","com.apple.fontmover","None","cd74a2beb240a43e59fd810147917e4ea373333af8ab6aff1a44833c7bfc7deb","2026-02-01T12:03:18"
launch_item,"/System/Library/LaunchDaemons","com.apple.softwareupdated","None","e7ba05d4e1064698bd36682a81cc4e1ff7d9b718d3497fe698e7c128fd669b82","2026-02-01T12:03:18"
launch_item,"/System/Library/LaunchDaemons","com.apple.adid","/System/Library/PrivateFrameworks/CoreADI.framework/adid","5225d16aac1aed18c58912acc5ca8176b86c04d97d6fb698564cb9888de7124d","2026-02-01T12:03:18"
launch_item,"/System/Library/LaunchDaemons","com.apple.ocspd","None","bb44d81834eba080dd45d05d6dbd6996ea27a87ee4105e0d1b24f489261c1a7a","2026-02-01T12:03:18"
launch_item,"/System/Library/LaunchDaemons","com.apple.cmio.iOSScreenCaptureAssistant","None","bf359d16b29db5bbb74e0ccf2802d4b96c84b86b968109c2318963078e127924","2026-02-01T12:03:18"
launch_item,"/System/Library/LaunchDaemons","com.apple.opendirectoryd","/usr/libexec/opendirectoryd","72a76b834250f21cac5d4e247d594f19ff275c5d1e386b24cda219af448cb170","2026-02-01T12:03:18"
launch_item,"/System/Library/LaunchDaemons","com.apple.mobile.keybagd","None","a005325130af084b063e71f4d8dd651fa06c623eef919d688a7b448b307bc693","2026-02-01T12:03:18"
launch_item,"/System/Library/LaunchDaemons","com.apple.wifianalyticsd","/usr/libexec/wifianalyticsd","3337fe19d790d13c539109dfaacf7688f471848675ac909f03aa826fc7c164d3","2026-02-01T12:03:18"
launch_item,"/System/Library/LaunchDaemons","org.cups.cupsd","None","b7c9a867f295208ce48b5bbf8417d737338f02987915469b9b5a829ddf0d2ff2","2026-02-01T12:03:18"
launch_item,"/System/Library/LaunchDaemons","com.apple.liquiddetectiond","/System/Library/CoreServices/liquiddetectiond.app/liquiddetectiond","f57f19c0518b360f432befc3765e216216ef6e5182840b8b0f832bfd76805732","2026-02-01T12:03:18"
launch_item,"/System/Library/LaunchDaemons","com.apple.logd_reporter","/usr/libexec/logd_reporter","f4a85bdcbcffd9c421b67ddce5d7396a0dc1227389e6e5735b9898f2ea29954d","2026-02-01T12:03:18"
launch_item,"/System/Library/LaunchDaemons","com.apple.InstallerProgress","None","380ce9448bdd2089b6aeff6a4b5356904508de098bc0e885bf2705485ce1873c","2026-02-01T12:03:18"
launch_item,"/System/Library/LaunchDaemons","com.apple.retimerd","None","9c00edb84a15b2e201f797b4db29864836a714cb800cb6d0c5dd889836a88126","2026-02-01T12:03:18"
launch_item,"/System/Library/LaunchDaemons","com.apple.uucp","None","2962f43e6858c371739fd651806fede0e713de09ff09da2e8afb080a263a4c4a","2026-02-01T12:03:18"
launch_item,"/System/Library/LaunchDaemons","com.apple.usbsmartcardreaderd","None","932856536c37aa08a74531230e77f97c91bc75b700d7879db58e0078afa04d78","2026-02-01T12:03:18"
launch_item,"/System/Library/LaunchDaemons","com.apple.installandsetup.systemmigrationd","None","af6c59c32e89eb78eacac5a477be299731dbcf65f8108292655a1c944c0a54f3","2026-02-01T12:03:18"
launch_item,"/System/Library/LaunchDaemons","org.cups.cups-lpd","None","93b87d509eff765400985b74e400520f2528ac7b4b1eef6959421f85227b031e","2026-02-01T12:03:18"
launch_item,"/System/Library/LaunchDaemons","com.apple.audio.isolated.micactivityd","/usr/libexec/micactivityd","0143b88022c8def2286afaf9b6507a1cce883caae5ae0b87e8a14811f925b30c","2026-02-01T12:03:18"
launch_item,"/System/Library/LaunchDaemons","com.apple.bsd.dirhelper","None","c06aa810db7581adfc9fb8ed38b36fea7302ffc4e2959a1178344d51e7dff4db","2026-02-01T12:03:18"
launch_item,"/System/Library/LaunchDaemons","com.apple.sysextd","/System/Library/Frameworks/SystemExtensions.framework/Versions/A/Helpers/sysextd","347d5d332d92fbd8d4da33965b99932d30811d5f7cfe29bb861d5c16284082ee","2026-02-01T12:03:18"
launch_item,"/System/Library/LaunchDaemons","com.apple.SafeEjectGPUStartupDaemon","/System/Library/CoreServices/Menu Extras/SafeEjectGPUExtra.menu/Contents/MacOS/SafeEjectGPUStartupDaemon","614c0b852f143970f17219a5fb42f8af78f9e85e2f3a6480d44e00795dd2e9bb","2026-02-01T12:03:18"
launch_item,"/System/Library/LaunchDaemons","com.apple.containermanagerd.system","None","47a05bcd2ab47fdd1ecbba6a6ee9be70bcff7cbe91aaa08d71c4b7cf1c57122b","2026-02-01T12:03:18"
launch_item,"/System/Library/LaunchDaemons","com.apple.nand.aspcarry","/usr/libexec/ASPCarryLog","1fe0ffa3b2cd9c2bf4243a0a43fb4c4b91bd685228820c6f2a7f5963f6afd254","2026-02-01T12:03:18"
launch_item,"/System/Library/LaunchDaemons","com.apple.akd","None","c9bf7e77a9864f26fa0bed3c1e2f66057204a50246ac385fefb461894faf444b","2026-02-01T12:03:18"
launch_item,"/System/Library/LaunchDaemons","com.apple.apsd","None","11a34d36cb57edebeee17a7f7144c71527df2a0f69ffcda74b8522a4b4625c7d","2026-02-01T12:03:18"
launch_item,"/System/Library/LaunchDaemons","com.apple.ODSAgent","None","372eba2a9d817c7a793ee3d1bf82d780aa1a96b6aec0fe9837fb3d735dd02af3","2026-02-01T12:03:18"
launch_item,"/System/Library/LaunchDaemons","com.apple.applekeystored","/usr/libexec/applekeystored","07595bff68c0d22ba195ed8a30813fda581008622bd400c6cfd2133eb99aae44","2026-02-01T12:03:18"
launch_item,"/System/Library/LaunchDaemons","com.apple.mobilegestalt.xpc","/usr/libexec/MobileGestaltHelper","c4dec6e9bb67cf6660c683aa8b949c8b1a9964be71dc7d5a404e2be9b3689cb1","2026-02-01T12:03:18"
launch_item,"/System/Library/LaunchDaemons","com.apple.bosreporter","None","57b4164cf05569597a34b7fca66676544988dc4bbdb9d3e785100bc3f9222b1a","2026-02-01T12:03:18"
launch_item,"/System/Library/LaunchDaemons","com.apple.devicemanagementclient.managedeventsd","None","9a60863351e406aa7aa9783aa2dfb2971b96cd3ea6e90037663ae4c2d4bc3b62","2026-02-01T12:03:18"
launch_item,"/System/Library/LaunchDaemons","com.apple.musicd","None","f810e037fcc3fd8003b93934626060cc3633c9bc195dc2f394db18ebf313f7ed","2026-02-01T12:03:18"
launch_item,"/System/Library/LaunchDaemons","com.apple.contextstored","/System/Library/PrivateFrameworks/CoreDuetContext.framework/Resources/contextstored","4b21aef13a69a5060ef366c2002cc281e64866f49c4880d835f3e5b55d8d63b7","2026-02-01T12:03:18"
launch_item,"/System/Library/LaunchDaemons","com.apple.audio.AudioComponentRegistrar","None","7cd071314076bffa687c01494329e41a7dc04369a213280c42364bc90fd6568f","2026-02-01T12:03:18"
launch_item,"/System/Library/LaunchDaemons","com.apple.csrutil.report","None","a5b63b5fb9fc9ca225409b9fa1726672bcd6d9f669025ea6f5afe7edc2b1e84b","2026-02-01T12:03:18"
launch_item,"/System/Library/LaunchDaemons","com.apple.logd","/usr/libexec/logd","7a8ffd68b37b556a9d68266886451493631b9de55afddfdfc80da87dbc438c03","2026-02-01T12:03:18"
launch_item,"/System/Library/LaunchDaemons","com.apple.ifdreader","None","ab7b2c270551faa67605817bf129b17139d5345a2651a456581ceb7fbcbdf8bb","2026-02-01T12:03:18"
launch_item,"/System/Library/LaunchDaemons","com.apple.colorsync.displayservices","None","23296a15a2da79100f235afff4858a39af015b7bb98443ccd11dfa6175bf6629","2026-02-01T12:03:18"
launch_item,"/System/Library/LaunchDaemons","com.apple.security.cryptexd","/usr/libexec/cryptexd","837ac8f4adacf045be770ec3cd51f19a1de592b1168236c9aba05e509aba4116","2026-02-01T12:03:18"
launch_item,"/System/Library/LaunchDaemons","com.apple.mobileassetd","None","e9eaf76cfd2bf60a6293e3d6f9ae7b14036728935851d32e93a916b70497c044","2026-02-01T12:03:18"
launch_item,"/System/Library/LaunchDaemons","com.apple.tftpd","None","b6694471613a1e468e05a31f22e12ac7d9c8e02c867c28b8217430a26c3220f0","2026-02-01T12:03:18"
launch_item,"/System/Library/LaunchDaemons","com.apple.filesystems.doubleagentd","/System/Library/PrivateFrameworks/DoubleAgent.framework/doubleagentd","54900eed3dd30bd8d4cb46086ccb05f33f02593e77ad8631a2e7bdb868c9e801","2026-02-01T12:03:18"
launch_item,"/System/Library/LaunchDaemons","com.apple.configd","None","7339a81983195c5ce7cf8abc726e0528e101817f1c8c0ce499585de710fc4103","2026-02-01T12:03:18"
launch_item,"/System/Library/LaunchDaemons","com.apple.gssd","None","b326d75c9ad10d00428a1612152b3b3a5afd1a8f62be5d21e2f8c0009e2feaa8","2026-02-01T12:03:18"
launch_item,"/System/Library/LaunchDaemons","com.apple.cfprefsd.xpc.daemon","None","8a92e72216f285f1cfc547731aa57694824602fbaa1723b49ee1bef966890598","2026-02-01T12:03:18"
launch_item,"/System/Library/LaunchDaemons","com.apple.apfsd","None","92f061f8adca8dbfbb1240abc76111f511cfd42a859eb9ea22db72cc8e7075a2","2026-02-01T12:03:18"
launch_item,"/System/Library/LaunchDaemons","com.apple.taskgated-helper","None","ff440ba9481e0eb38490a5e6cf3d440392cc30de4759c002ead446e691cd8629","2026-02-01T12:03:18"
launch_item,"/System/Library/LaunchDaemons","com.apple.familycontrols","None","0a4ffd3650237cbe25923400f04b9a4af8dd5508101aff614a0f2bdd8b27a413","2026-02-01T12:03:18"
launch_item,"/System/Library/LaunchDaemons","com.apple.cmio.uvcassistantextension","None","71a42e28696d6182199adbb25de60e1b85137ef3265c5bd3f1f52b2bc85785dd","2026-02-01T12:03:18"
launch_item,"/System/Library/LaunchDaemons","com.apple.mediaremoted","None","b2e76fe563200f4ae83bacd8413338e28de45502d2d638c7bd2760b700819d9e","2026-02-01T12:03:18"
launch_item,"/System/Library/LaunchDaemons","com.apple.mobileactivationd","None","041b26c87c3a564784551457397fd037f74007548562b870305ce8819ebbb3b8","2026-02-01T12:03:18"
launch_item,"/System/Library/LaunchDaemons","com.apple.peakpowermanagerd","/usr/libexec/peakpowermanagerd","7b394d40ca8365f902e66184a3a5684fc95922f45648dd3850c29eb0069dca40","2026-02-01T12:03:18"
launch_item,"/System/Library/LaunchDaemons","com.apple.datastored","None","58814fe34ac138dee30c8c2e6a1ab33f1e202175af2d3f81979dd37bd60b2a6e","2026-02-01T12:03:18"
launch_item,"/System/Library/LaunchDaemons","com.apple.timezoneupdates.tzd","/usr/libexec/tzd","c980d72206044b4c79468a6360ed87a23c780229bd21f4752979704f1b386734","2026-02-01T12:03:18"
launch_item,"/System/Library/LaunchDaemons","com.apple.audiomxd","None","9943c322969719b478cc1a779a2897c65ce36700642811e4a315c5292207295f","2026-02-01T12:03:18"
launch_item,"/System/Library/LaunchDaemons","com.apple.cfnetwork.cfnetworkagent","None","4c07c16195a8cb4286b858313cb9d50f99654399e1ee3d121f130d229c1da4b2","2026-02-01T12:03:18"
launch_item,"/System/Library/LaunchDaemons","com.apple.KernelEventAgent","None","3e131f9eec8b998ff4bd53d86554fcfac9b1a5e08b62baa8bc6ac62aaae37e71","2026-02-01T12:03:18"
launch_item,"/System/Library/LaunchDaemons","com.apple.modelmanagerd","/usr/libexec/modelmanagerd","29f4ad8fd1f82dbed5fde398f40241046aa8d9b0af12f99ce463a31a80c35baf","2026-02-01T12:03:18"
launch_item,"/System/Library/LaunchDaemons","com.apple.audio.isolated.historicalaudiod","/usr/libexec/historicalaudiod","077e1134add68be15f91e11ab9dde98e125c10bf87d01f0b283361dd29e4fc22","2026-02-01T12:03:18"
launch_item,"/System/Library/LaunchDaemons","com.apple.AssetCacheManagerService","None","c50ed35c38e2d5364f7f328dd9147d1caf8aca8b09c87b7d4784704d43d1b2fd","2026-02-01T12:03:18"
launch_item,"/System/Library/LaunchDaemons","com.apple.msrpc.netlogon","None","49a2af94ff1f4d0f7c4f429a2080f76117af7c8e2b14b789552c3a3d60ada224","2026-02-01T12:03:18"
launch_item,"/System/Library/LaunchDaemons","com.apple.mobile.storage_mounter","None","8a0bf5cceef0db7a7f3223fcb59b6fccca7e1e997a6aaf81fb9d91c1c7a1f857","2026-02-01T12:03:18"
launch_item,"/System/Library/LaunchDaemons","com.apple.kdumpd","None","fc1274ed8e31946785593706e0879c195adbd9fc8d5e383f293951e232f4729b","2026-02-01T12:03:18"
launch_item,"/System/Library/LaunchDaemons","com.apple.mobile.obliteration","None","6ca3027d60d1f8622aed4c67296343adedb606f2ee6b1118d6e4fa5792579f84","2026-02-01T12:03:18"
launch_item,"/System/Library/LaunchDaemons","com.apple.timed","None","902a3d1e723fb31d7bd0ab8a17ad07ff3dcb09fef1ef6b8db4cfd132939b651d","2026-02-01T12:03:18"
launch_item,"/System/Library/LaunchDaemons","com.apple.newsyslog","None","f3b35b58608ec1968ebc7f7748e4bef6492f29246b7b771445fe30a36f1bc97e","2026-02-01T12:03:18"
launch_item,"/System/Library/LaunchDaemons","com.apple.coresymbolicationd","None","8660cbc9eeff6dae498eb3475785c88de63984b95d7eca6cd92e6a88a7d181eb","2026-02-01T12:03:18"
launch_item,"/System/Library/LaunchDaemons","com.apple.BluetoothUIService","/System/Library/CoreServices/BluetoothUIService.app/BluetoothUIService","e218c587b37d00d8ac9c4712956c3926cf91d4182bef5a236172fcdea9332472","2026-02-01T12:03:18"
launch_item,"/System/Library/LaunchDaemons","com.apple.locate","None","33cbb4ffd268bcad1a3863b4fac3e02a788e81217ec8eadc8fa48f3a40f6cad2","2026-02-01T12:03:18"
launch_item,"/System/Library/LaunchDaemons","com.apple.SubmitDiagInfo","None","289a46013b2e1fed5b3350ddb01b54ca4e08e504ca4eb82cf6419c5406726b5f","2026-02-01T12:03:18"
launch_item,"/System/Library/LaunchDaemons","com.apple.suhelperd","None","9a7ce8ced2abf0518a7359f3c6e6337ad9142e9771e68e3e9712b29243147d3c","2026-02-01T12:03:18"
launch_item,"/System/Library/LaunchDaemons","com.apple.WirelessRadioManager","None","bc3a62a161ff90fe68e375709acd444decc7ea038380bd074734af26db5be9f5","2026-02-01T12:03:18"
launch_item,"/System/Library/LaunchDaemons","com.apple.securityd.system","None","77e1250836356846297d07697d39fc3c35ca77b7e9b3201555761118ec3b454c","2026-02-01T12:03:18"
launch_item,"/System/Library/LaunchDaemons","com.apple.audio.coreaudiod","None","0cb084e7dc33ed997121a9bd3459145dd253c0f708da3f54b9702b9b3b19b084","2026-02-01T12:03:18"
launch_item,"/System/Library/LaunchDaemons","com.apple.CSCSupportd","None","79e55293846e7dc61afc0708ed95661d3aeeb233ddca2a96d0c50adbc6ef94cb","2026-02-01T12:03:18"
launch_item,"/System/Library/LaunchDaemons","com.apple.UpdateSettings","/System/Library/PrivateFrameworks/SystemAdministration.framework/Resources/UpdateSettingsTool","5e957ead9e5d49314d67fa22a536921eea98633675e0e3330020206e533a1bb0","2026-02-01T12:03:18"
launch_item,"/System/Library/LaunchDaemons","org.net-snmp.snmpd","/usr/sbin/snmpd","36fcaca0222a7bc91193c8afff1d7562bb07606eec3082a0500295751e80cb75","2026-02-01T12:03:18"
launch_item,"/System/Library/LaunchDaemons","com.apple.wallpaper.export","/usr/libexec/wallpaperexportd","b1bbe688865c454dae8c7d4b132bffd2b44c5e68994ac2cee987e95c77cac726","2026-02-01T12:03:18"
launch_item,"/System/Library/LaunchDaemons","com.apple.scsid","None","701f09ae91be61158937366f27fdaaedb8b6fd66e07f644b94317d02776e51b6","2026-02-01T12:03:18"
launch_item,"/System/Library/LaunchDaemons","com.apple.bridgeOSUpdateProxy","None","8c3e6e41cffd112a7a513ffa75b1f086bd20079614ababfec4dae874945dfa4b","2026-02-01T12:03:18"
launch_item,"/System/Library/LaunchDaemons","com.apple.softwareupdate_firstrun_tasks","None","85f49b1b612a14446b69088b3f674c071c03dc895b2fb2f14a0e5ac890069a89","2026-02-01T12:03:18"
launch_item,"/System/Library/LaunchDaemons","com.apple.icloud.findmydeviced","/usr/libexec/findmydeviced","4786d80d6adff0f1c0515dd6d7c732dbeba782760880a3abeae65f6ccf3f9126","2026-02-01T12:03:18"
launch_item,"/System/Library/LaunchDaemons","com.apple.trustd","None","1ce08dcc60a430e692be90a898503c63d3089eff46d7ac36c04743015332c474","2026-02-01T12:03:18"
launch_item,"/System/Library/LaunchDaemons","com.apple.odproxyd","/usr/libexec/odproxyd","289be3621f5be3e97e6eaffc60a1d16fab93862f36f91c36019273fae6c9b84c","2026-02-01T12:03:18"
launch_item,"/System/Library/LaunchDaemons","com.apple.screensharing","None","ffb7db3cf9fd739ecebd35048e0257e4aca0558b568e2e5dc549dcb9c66d9c9f","2026-02-01T12:03:18"
launch_item,"/System/Library/LaunchDaemons","com.apple.sntpd","/usr/sbin/sntpd","8534780bb71fdd7f5c937004ec61baf6f10d053d44225c80c2ac291225f2a475","2026-02-01T12:03:18"
launch_item,"/System/Library/LaunchDaemons","com.apple.dt.automationmode-writer","/System/Library/PrivateFrameworks/AutomationMode.framework/automationmode-writer","9f978f3e1243e700503481b14227e1ce0a2151db44bf987449e1491c810ac623","2026-02-01T12:03:18"
launch_item,"/System/Library/LaunchDaemons","com.apple.appleh16camerad","None","774bb6a7578a465f10968ba702c3a6b66fa7e9506d3bb0f7de42b746869c7238","2026-02-01T12:03:18"
launch_item,"/System/Library/LaunchDaemons","com.apple.inboxupdaterd","None","d70184ab76a5cfaec2056e72d1e92720e0bdcca0dd8335c89aac6ba8342c4578","2026-02-01T12:03:18"
launch_item,"/System/Library/LaunchDaemons","com.apple.metadata.mds","None","cf7fd8784f4e452cd7af009b3c9af862ca38bd73d7dbfa0293e9672c22af4952","2026-02-01T12:03:18"
launch_item,"/System/Library/LaunchDaemons","com.apple.powerexperienced","/usr/libexec/powerexperienced","bfe37df7d645c954ddd35be1583a2ba3968c75ddcb94d169d4395dd6dee21854","2026-02-01T12:03:18"
launch_item,"/System/Library/LaunchDaemons","org.openldap.slapd","/usr/libexec/slapd","fdb4299e48d367b24ff4f3b1521ef232e791bbf9cd9e4e003f1b4da4d9ef4ebf","2026-02-01T12:03:18"
launch_item,"/System/Library/LaunchDaemons","com.apple.RemoteDesktop.PrivilegeProxy","None","e4a35e0db9e07b4ada6cd8029f5941c70a8c805331b11d02fbad4f3fc2c61dce","2026-02-01T12:03:18"
launch_item,"/System/Library/LaunchDaemons","com.apple.diagnosticservicesd","None","0e3c6c8c3cbecedaf3b90df01fae189ea65ed33c06aa2103ac56208f8172330a","2026-02-01T12:03:18"
launch_item,"/System/Library/LaunchDaemons","com.apple.wifip2pd","/usr/libexec/wifip2pd","6d02e9b23bd7744a7290093e51a0cb7a3bd3626f3c4a988691072a226e0fc9cb","2026-02-01T12:03:18"
launch_item,"/System/Library/LaunchDaemons","com.apple.security.agent.login","None","dcb10bf798a397a047578c93679c4ee8c4f6a45fb5bff8a2a47bd713a1fd573f","2026-02-01T12:03:18"
launch_item,"/System/Library/LaunchDaemons","com.apple.fairplaydeviceidentityd","/usr/libexec/fairplaydeviceidentityd","794bec44e882a04cbccb926957974e2d5efca1c586a22270484cafbf78626760","2026-02-01T12:03:18"
launch_item,"/System/Library/LaunchDaemons","com.apple.storereceiptinstaller","/System/Library/PrivateFrameworks/CommerceKit.framework/Versions/A/Resources/ReceiptInstaller","27d1a8ad57904be648ed29de0d9e62f5e5b7b4207b5686939aa29cdfd818a2b6","2026-02-01T12:03:18"
launch_item,"/System/Library/LaunchDaemons","com.apple.coreservices.sharedfilelistd","None","150fc9da3bbf4c6456691aae10bf1506cfe492503ad8362ba9c2c4c5116c764e","2026-02-01T12:03:18"
launch_item,"/System/Library/LaunchDaemons","com.apple.pfd","None","c345baa3ff3f71be833c691015982282561e98a1f7741632a11e9c76ec6a6c56","2026-02-01T12:03:18"
launch_item,"/System/Library/LaunchDaemons","com.apple.racoon","None","f0c50e59eecf853a5f80b281d65fd740b568d5f1509b68a0f587244b2b679782","2026-02-01T12:03:18"
launch_item,"/System/Library/LaunchDaemons","com.apple.atrun","None","103508c83b9c73e0d95734af587a38db4fbddaf7abb2eee759bae54f3ddf9abf","2026-02-01T12:03:18"
launch_item,"/System/Library/LaunchDaemons","com.apple.uarpassetmanagerd","None","1ec29dc496695528ffd70b6479d12f5b8433bfa9df578fab10430db3fcaafc85","2026-02-01T12:03:18"
launch_item,"/System/Library/LaunchDaemons","com.apple.nearbyd","None","cd9e5ad4ab2c1bb9d2bcbf35da73c028122c3d47dd5d6f421640b0d1a8daa14d","2026-02-01T12:03:18"
launch_item,"/System/Library/LaunchDaemons","com.apple.mDNSResponderHelper.reloaded","None","12c813dc157fcbc0ce0803a13d303257b9878494c8fb9534a875c004cf405845","2026-02-01T12:03:18"
launch_item,"/System/Library/LaunchDaemons","com.apple.statd.notify","None","8d673e6cf6b405cb205390a97b336c0b50771fb07eb32980efff03cb4e67682f","2026-02-01T12:03:18"
launch_item,"/System/Library/LaunchDaemons","com.apple.findmy.findmybeaconingd","/usr/libexec/findmybeaconingd","7303926d8e3d4118369178cf8f85272501d2b23d695cc3350ca09d490d1bc32c","2026-02-01T12:03:18"
launch_item,"/System/Library/LaunchDaemons","com.apple.revisiond","None","303af2147e286a60724b23e58557a49754dddb77ce86d4c6e6820f755262b59f","2026-02-01T12:03:18"
launch_item,"/System/Library/LaunchDaemons","com.apple.coreservices.launchservicesd","None","25a61b2e84a4a0103a002723e8c5ff21bb2beb6f24cd91db468e12dfc806475e","2026-02-01T12:03:18"
launch_item,"/System/Library/LaunchDaemons","com.apple.betaenrollmentd","None","dd8382b48f2f2a835ba984f405bfbe9312fcd87e9621b2206a9afb6b219bef8a","2026-02-01T12:03:18"
launch_item,"/System/Library/LaunchDaemons","com.apple.xscertadmin","None","73ac3a5c09c2e3c850bbb7894f51d9724cc2b0eac5bbe63591bba5540e871512","2026-02-01T12:03:18"
launch_item,"/System/Library/LaunchDaemons","com.apple.fseventsd","None","9e111b9f3642f3e33ffbacaa88b49c7aedb3bbaea0370c0e390493b3edb1b5da","2026-02-01T12:03:18"
launch_item,"/System/Library/LaunchDaemons","com.apple.online-auth-agent.xpc","/usr/libexec/online-auth-agent","c23242ce356c6aac121ce4ec0468b460e74d0596e9a704001b5dffd7c4cf23af","2026-02-01T12:03:18"
launch_item,"/System/Library/LaunchDaemons","com.apple.icloud.searchpartyd","/usr/libexec/searchpartyd","97cc70a6b39bc6a1d333435ed436a094d9eb4d3f09a530dab2b1d97fdc391e1f","2026-02-01T12:03:18"
launch_item,"/System/Library/LaunchDaemons","com.apple.devicemanagementclient.teslad","/usr/libexec/teslad","9ada055e9bb45f3a0bf6d57e3d7fc0b8d5e58ac03c7386079baa6626145d730e","2026-02-01T12:03:18"
launch_item,"/System/Library/LaunchDaemons","com.apple.getty","None","6b22ea3698d02225308550364b86e43fcf8b86c0d769daa090a4082a859f7b8e","2026-02-01T12:03:18"
launch_item,"/System/Library/LaunchDaemons","com.apple.printtool.daemon","None","57d32cc1d0640fcb1923e656cd7adf98c9aef9a681f188592f5bc13496db71fd","2026-02-01T12:03:18"
launch_item,"/System/Library/LaunchDaemons","com.apple.cmio.registerassistantservice","/System/Library/Frameworks/CoreMediaIO.framework/Versions/A/Resources/com.apple.cmio.registerassistantservice","1c368dcbea3e8ddbd742fcac0e83feddd6c8fef7f86a437327ed2098a458c5c5","2026-02-01T12:03:18"
launch_item,"/System/Library/LaunchDaemons","com.apple.storagekitd","None","01b5c5c05ed6e482a0bb9d7142cc8b227511fe70ae31a358d467e514902d86d5","2026-02-01T12:03:18"
launch_item,"/System/Library/LaunchDaemons","com.apple.handwritingd","None","2a0d2af2896ea5decad19f8cfe900d1a2c22b60b41d38b7104e6a0adfdf21277","2026-02-01T12:03:18"
launch_item,"/System/Library/LaunchDaemons","com.apple.aned","/usr/libexec/aned","4ca47b457fa2084d60542fc047eb717b2fbf11783ff16a977db81db4f0659888","2026-02-01T12:03:18"
launch_item,"/System/Library/LaunchDaemons","com.apple.wifivelocityd","/usr/libexec/wifivelocityd","22a1a22256e991daa5b73ac8b0f52b7e0190e99734288cf092dc356c6b54d251","2026-02-01T12:03:18"
launch_item,"/System/Library/LaunchDaemons","com.apple.corerepaird","None","75cd62bb950d096143c938d7cebf6293eb961703ac437e9a9062c62b16da7bf7","2026-02-01T12:03:18"
launch_item,"/System/Library/LaunchDaemons","com.apple.BlueTool","None","6fd5a2df63334758df282b5599fff021e71945b9b2fd5e98c9ee38b3c2773b8f","2026-02-01T12:03:18"
launch_item,"/System/Library/LaunchDaemons","com.apple.AssetCacheLocatorService","None","7fb76f76ed9c295e1026a2c8e86283cc755fc26edac8623a621f627058375298","2026-02-01T12:03:18"
launch_item,"/System/Library/LaunchDaemons","com.apple.configureLocalKDC","None","04545542915f1bdf6e29c3c302a6191dada799397d049f8275773d76e3c89f90","2026-02-01T12:03:18"
launch_item,"/System/Library/LaunchDaemons","com.apple.misagent","None","c2238ccdb853fb3c50992c5a9a5c0ad398c51f4faf980b4fa5c3473b444acbfd","2026-02-01T12:03:18"
launch_item,"/System/Library/LaunchDaemons","com.apple.aneuserd","/usr/libexec/aneuserd","ab29d25d372129848031f7021566ffd520377014f6fa96af3faafbaf887bea32","2026-02-01T12:03:18"
launch_item,"/System/Library/LaunchDaemons","com.apple.thermalmonitord","None","1cdf029d83d445caf3d5e8e0a2e9b49b2f9beeb6406bbf72b1142ed37bcb9dd7","2026-02-01T12:03:18"
launch_item,"/System/Library/LaunchDaemons","com.apple.audioanalyticsd","None","a627f7bc06b2947c059da075490bd2c20481c35567fb753bd57b95e6f2e32e51","2026-02-01T12:03:18"
launch_item,"/System/Library/LaunchDaemons","com.apple.rpcbind","None","f70e1374f1b143e2de9e0e880990186ef10e3f32b19afd1c9d71221ac316ac7a","2026-02-01T12:03:18"
launch_item,"/System/Library/LaunchDaemons","com.apple.perfpowermetricd","None","568b6bd1ff8e8043a59f72291a5828f3a66304277a043914392b43b3586a72fa","2026-02-01T12:03:18"
launch_item,"/System/Library/LaunchDaemons","com.apple.memory-maintenance","None","7abeb5c27f8fe52f145926fb380aacb2259e651d0aa9ba446084adda8902917b","2026-02-01T12:03:18"
launch_item,"/System/Library/LaunchDaemons","com.apple.triald.system","/usr/libexec/triald_system","054fa6fd3fdb971a22e11f8b65d28b0d32202b8ddc29c1e39afa002df9d913c5","2026-02-01T12:03:18"
launch_item,"/System/Library/LaunchDaemons","com.apple.corekdld","/System/Library/PrivateFrameworks/CoreKDL.framework/Support/corekdld","6ed005f75fd58593021ec74e0f1372699f584276d27ce5862f26429169663f51","2026-02-01T12:03:18"
launch_item,"/System/Library/LaunchDaemons","com.apple.gkreport","None","70d1d2364dd0d77913f025b568dd545a181fcd3f3c76a51a0bcc9fe170b08d52","2026-02-01T12:03:18"
launch_item,"/System/Library/LaunchDaemons","com.apple.usbaudiod","None","c4696dc81ceef0e54cdd91a99e1727fe3d5e97f38a971e84c74049b7d6ca812c","2026-02-01T12:03:18"
launch_item,"/System/Library/LaunchDaemons","com.apple.nfsconf","None","a75e70049970a9b65f8e4515284d261003de3f4256be26c28db28bb25d464195","2026-02-01T12:03:18"
launch_item,"/System/Library/LaunchDaemons","com.apple.powerlogHelperd","None","77ac0dc919eaf48afe41803761712110dd95304fb1e9015abb4fa77b02f8c0a5","2026-02-01T12:03:18"
launch_item,"/System/Library/LaunchDaemons","com.apple.system_installd","None","cd6588636dbbbede8f9b40b6dbf1253f33ab607da909a2f84b9f8f9da0d0c10a","2026-02-01T12:03:18"
launch_item,"/System/Library/LaunchDaemons","com.apple.AssetCacheTetheratorService","None","09590eb6986a67705f58591e2b13761af399cb252f8b00f1396581e4f3689e45","2026-02-01T12:03:18"
launch_item,"/System/Library/LaunchDaemons","com.apple.devicerecoveryd","None","b10868e4ab9050a19730e6122073b1f694159684ba0521685ebd69e7711919c6","2026-02-01T12:03:18"
launch_item,"/System/Library/LaunchDaemons","com.apple.alf","/usr/libexec/ApplicationFirewall/socketfilterfw","79d9793acd114ed3fdb87898f1e678ef66d1e7e563a856a7397185ede57c1b3b","2026-02-01T12:03:18"
launch_item,"/System/Library/LaunchDaemons","com.apple.SCHelper","/System/Library/Frameworks/SystemConfiguration.framework/Versions/A/Helpers/SCHelper","340cc0b97e8dc36b5e51c777ee827e7017032cb21cf5db63b303b1ffa4f65b72","2026-02-01T12:03:18"
launch_item,"/System/Library/LaunchDaemons","com.apple.nsurlsessiond_privileged","None","c143f47ecd27f793564f912dc663660ed19920e7b4cfe28d8389a378fb31a8b9","2026-02-01T12:03:18"
launch_item,"/System/Library/LaunchDaemons","com.apple.bluetoothd","None","b91e9b612f5d3b908906d4d0ccbc2c06f5af6c3bef84e7a15d62b24470933c85","2026-02-01T12:03:18"
launch_item,"/System/Library/LaunchDaemons","com.apple.filesystems.userfsd","None","1a4bfc7b882d286a8eb75d6f5883b1c4684cd2a7b3c2bd7fb982f2a542ca355c","2026-02-01T12:03:18"
launch_item,"/System/Library/LaunchDaemons","com.apple.kcgend","None","7c47e3173dd885177011dfbdb2e5b99eea12acde8046a4057931510f7ab23bd2","2026-02-01T12:03:18"
launch_item,"/System/Library/LaunchDaemons","com.apple.audio.systemsoundserverd","None","8224606302923631abacd3d2668f7b942c68d51b8fb5c37e257c5616164462bb","2026-02-01T12:03:18"
launch_item,"/System/Library/LaunchDaemons","com.apple.bootinstalld","None","bb4c502ca1115cbd987015f1e81f13c2bd1ffd4f82f5d5a24ca2a017775db7b2","2026-02-01T12:03:18"
launch_item,"/System/Library/LaunchDaemons","com.apple.diagnosticd","/usr/libexec/diagnosticd","630c864cff55a5c70657c1915a9cac99c40a869b8bf84ae7f45cab44ed418fc1","2026-02-01T12:03:18"
launch_item,"/System/Library/LaunchDaemons","com.apple.ctkd","None","2b7fdc0a634f7e4b03d3fe25ad47f94f1e4d6570c0165489561c4d591b0d0245","2026-02-01T12:03:18"
launch_item,"/System/Library/LaunchDaemons","com.apple.swiftuitracingsupport.xpc","None","847340a98c8114dfe2e8db3280c6f4563230308d4654da7cf2b82478792bd4f5","2026-02-01T12:03:18"
launch_item,"/System/Library/LaunchDaemons","com.apple.kcproxy","/usr/libexec/kcproxy","efcab149c9c7c590c8b9f583ae00abea6e89c007a170f387ce7b497d2756a8ef","2026-02-01T12:03:18"
launch_item,"/System/Library/LaunchDaemons","com.apple.tracd","/usr/libexec/tracd","d3c81bcf26b0678ba74220e2149dc7e1e24e3bf77ed0d28924d0f8a1c3670526","2026-02-01T12:03:18"
launch_item,"/System/Library/LaunchDaemons","com.apple.nesessionmanager","/usr/libexec/nesessionmanager","f44c89993c5d151baf29d8abfcd4e7838fdd32936546db26d51622c197685c79","2026-02-01T12:03:18"
launch_item,"/System/Library/LaunchDaemons","com.apple.fairplayd","/System/Library/PrivateFrameworks/CoreFP.framework/Versions/A/fairplayd","ca21543400f3ead9e96d2434f968184b6acd2e1e3de57322ca3da663831eae3c","2026-02-01T12:03:18"
launch_item,"/System/Library/LaunchDaemons","com.apple.findmymacd","/System/Library/PrivateFrameworks/FindMyMac.framework/Resources/FindMyMacd","b2d8bd997a7319216b46575904cf1e462f62a4910dc6b0093edc12e99dd40e2e","2026-02-01T12:03:18"
launch_item,"/System/Library/LaunchDaemons","com.apple.prngseedd","None","3abeb5947c83d8be364b1fa7b89429a487c6200ce37887d07f9882ffc92519c8","2026-02-01T12:03:18"
launch_item,"/System/Library/LaunchDaemons","com.apple.mobile.notification_proxy","None","63e4151ac7982ed4756f1b57a133c72d8d4949222ebf8146d675cab134e62ec7","2026-02-01T12:03:18"
launch_item,"/System/Library/LaunchDaemons","com.apple.AirPlayXPCHelper","None","93790c41c055a321297a076079b4e4e0a4bf9f3859d78b24a7a7bfca1c1acb96","2026-02-01T12:03:18"
launch_item,"/System/Library/LaunchDaemons","com.apple.installcoordinationd","None","cf5786fe2a46cc5722338a42625e9d8dfa9f5f196dba15474f29c3997033d1a0","2026-02-01T12:03:18"
launch_item,"/System/Library/LaunchDaemons","com.apple.corestorage.corestoraged","None","997f7d9420bff60500be2b2e4e954e9a043340044d85fc538c960b228ea2e6a2","2026-02-01T12:03:18"
launch_item,"/System/Library/LaunchDaemons","com.apple.metadata.mds.index","None","1bfa3fb038441a25ff463615237ff692aba2ac9d5c7d9d87243fd773b75c1ec7","2026-02-01T12:03:18"
launch_item,"/System/Library/LaunchDaemons","com.apple.backupd-helper","None","aa9aeda32945b1f5424e2177416c7441bb54a1976245ecff6737c821e883181f","2026-02-01T12:03:18"
launch_item,"/System/Library/LaunchDaemons","com.apple.warmd","None","7b44d8aebcbb630ed737a724da9948e79fc336546a27d08aac9bf3e8f17321bc","2026-02-01T12:03:18"
launch_item,"/System/Library/LaunchDaemons","com.apple.DumpPanic.Accessory","None","562338abe72d273a3a5a75d97687a07d5bd6fdc93618c512b172d3febd94f232","2026-02-01T12:03:18"
launch_item,"/System/Library/LaunchDaemons","com.apple.PerfPowerServicesExtended","None","b9dbad7a5ee2127429d4bb0d4029ca374540316ef78b5ed328368fc82b0af14d","2026-02-01T12:03:18"
launch_item,"/System/Library/LaunchDaemons","com.apple.PerfPowerServices","None","b301cdf2f9f924a1ac9af7466ffba91f1d8035ed8daf0c81c33da7d75dee7131","2026-02-01T12:03:18"
launch_item,"/System/Library/LaunchDaemons","com.apple.PowerUIAgent","/usr/libexec/PowerUIAgent","8772822564ee0ea68bde306dbc62833bcb8fd36d689b661562072d32595ce59e","2026-02-01T12:03:18"
launch_item,"/System/Library/LaunchDaemons","com.apple.diagnosticextensions.osx.timemachine.helper","/System/Library/PrivateFrameworks/DiagnosticExtensions.framework/PlugIns/osx-timemachine.appex/Contents/XPCServices/timemachinehelper","931696fa09f65eb569d4b7d9b95107a722f16389dfd75cff2f247f28bced7878","2026-02-01T12:03:18"
launch_item,"/System/Library/LaunchDaemons","com.apple.security.FDERecoveryAgent","None","69383becab9355ed3327406bf21cb963d19fa90a855e7e34c6bc8e5900d0f862","2026-02-01T12:03:18"
launch_item,"/System/Library/LaunchDaemons","com.apple.xpc.smd","/usr/libexec/smd","978af240f446183b2e3479b2d03be3951196ad152ad814a5c66683a6c220fe0c","2026-02-01T12:03:18"
launch_item,"/System/Library/LaunchDaemons","com.apple.airportd","/usr/libexec/airportd","6ffa61ac7a099e71f1e92543010662c6e51af3b08357231a67124803731839cb","2026-02-01T12:03:18"
launch_item,"/System/Library/LaunchDaemons","com.apple.coreduetd","/usr/libexec/coreduetd","f3ebb10d5985f61f15bd38af3f1ab7280e655cc459f16ceba59bdc5bb2f8e1f5","2026-02-01T12:03:18"
launch_item,"/System/Library/LaunchDaemons","com.apple.mobile.storage_mounter_proxy","None","6eae7a59a7aac04a6c74f2bb95aed237aa705e991e866de08dad6bde63f0ebcf","2026-02-01T12:03:18"
launch_item,"/System/Library/LaunchDaemons","com.apple.GSSCred","None","3f9cf00c734cc50a4a2d7f4560c0f19aae6f0ebc91dbd515ea9b4d2d760bcd05","2026-02-01T12:03:18"
launch_item,"/System/Library/LaunchDaemons","com.apple.security.authtrampoline","None","9ddbd31339d6323099a5258edd949fff5b4d6beba2b81a9bb389f9f94309aeba","2026-02-01T12:03:18"
launch_item,"/System/Library/LaunchDaemons","com.apple.metadata.mds.index.readonly","None","9b16475b41d6d4a144cc611b2f104df9b9aca8cd27fe42c6c6c5f4317a021e7c","2026-02-01T12:03:18"
launch_item,"/System/Library/LaunchDaemons","com.apple.accessoryupdaterd","None","801810fc77e8c99a9d9a646a4302ba3d88a4d01588fdf3729766e1b0046ebd32","2026-02-01T12:03:18"
launch_item,"/System/Library/LaunchDaemons","com.apple.diskarbitrationd","/usr/libexec/diskarbitrationd","5fbbd9768df8de59adab9eb35239a42b5a0da9c26b3cad8be5e2afecba02810a","2026-02-01T12:03:18"
launch_item,"/System/Library/LaunchDaemons","com.apple.DataDetectorsSourceAccess","/usr/libexec/DataDetectorsSourceAccess","d1b95eda0d4e2fa19c18759f9f19d41e30ee328a7bd71dc0f6f0a78da74db3f0","2026-02-01T12:03:18"
launch_item,"/System/Library/LaunchDaemons","com.apple.systemkeychain","None","23f4e71153fe45c7c8a9b6e784493c1c9bca5712c0ae208eb6120934b52c72ad","2026-02-01T12:03:18"
launch_item,"/System/Library/LaunchDaemons","com.apple.appleseed.fbahelperd","/System/Library/CoreServices/Applications/Feedback Assistant.app/Contents/Library/LaunchServices/fbahelperd","bbb22f8591b3c507b083af160d6ada9584ca7b2332a375ac8f30bfeefc2260c3","2026-02-01T12:03:18"
launch_item,"/System/Library/LaunchDaemons","com.apple.diskimagesiod","None","d851ed3fcc596b242448e4654f3dc514229221426c6e5efdac555543303aaf08","2026-02-01T12:03:18"
launch_item,"/System/Library/LaunchDaemons","com.apple.InstallerDiagnostics.installerdiagd","None","1233f7b6d14e91fd56d3f130b1081cdbab8eea35eb68a6e0b309e40f79471684","2026-02-01T12:03:18"
launch_item,"/System/Library/LaunchDaemons","com.apple.eoshostd","None","6ae4041a1bee29318381569b40aaead29d9cab306ef4efb984f6a6c3506142c9","2026-02-01T12:03:18"
launch_item,"/System/Library/LaunchDaemons","com.apple.ecosystemd","None","6d37f7df3dd5aca7d4c2722ea0af671e117be6a4ed6692279957619ef878a533","2026-02-01T12:03:18"
launch_item,"/System/Library/LaunchDaemons","com.apple.preferences.timezone.admintool","None","20313d2dba65e7786909f8309be655c7796bcb73eb10ecf54a202f5c94b78d6e","2026-02-01T12:03:18"
launch_item,"/System/Library/LaunchDaemons","com.apple.ManagedClient.startup","None","cdbd9f1de99f6b90a9d543442ce9544efe04dd514fd4b66096554017aa469023","2026-02-01T12:03:18"
launch_item,"/System/Library/LaunchDaemons","com.apple.security.xprotectd","/usr/libexec/xprotectd","a04c6010e9589b394e0131978c1ed66f1b8c0a2580c2119d0ffe2ac2e3e24a42","2026-02-01T12:03:18"
launch_item,"/System/Library/LaunchDaemons","com.apple.ReportMemoryException","None","e14616c3c84aedf5980c8899ea8f7d2ec3cd80b481daa7faab3ae612d0607982","2026-02-01T12:03:18"
launch_item,"/System/Library/LaunchDaemons","com.apple.systemstats.microstackshot_periodic","None","4dd5f95d63a9180877d62419ee387034ba9bf7b11dec6867623a300d41429f86","2026-02-01T12:03:18"
launch_item,"/System/Library/LaunchDaemons","com.apple.alwaysonexclavesd","/usr/libexec/alwaysonexclavesd","81d61c69e120d93b1d99fc082e32d8024e0938df54d7049a8407bb4a0209540f","2026-02-01T12:03:18"
launch_item,"/System/Library/LaunchDaemons","com.apple.mDNSResponder.reloaded","None","cf4640edf49c255bce24c4fed29a12a144ba005a3f7e5141d232cb6c2235f0da","2026-02-01T12:03:18"
launch_item,"/System/Library/LaunchDaemons","com.apple.accessoryd","None","08152e84d33a3c7b3a3843d5270331582694d13eeef83a03febb34bd484d9c77","2026-02-01T12:03:18"
launch_item,"/System/Library/LaunchDaemons","com.apple.tailspind","None","9a3626f417bd4f86221ff814d80507a9a825e14b2230fbee9e333b2fd31cb832","2026-02-01T12:03:18"
launch_item,"/System/Library/LaunchDaemons","com.apple.AppSSODaemon","None","9dc402a5ce04119eeddfbc8f31739414cb2dce0739f7543f69d20ef721468537","2026-02-01T12:03:18"
launch_item,"/System/Library/LaunchDaemons","com.apple.fskit.fskit_helper","None","35d47a10ce2f3a0ad41e96c143d142788eb4ce8399b62603e6913726e2da2acf","2026-02-01T12:03:18"
launch_item,"/System/Library/LaunchDaemons","com.apple.kernelmanagerd","None","a20abcf9ec68d1e0612df68212e65f92a1395bd44b366f04ef26ff8255b6c859","2026-02-01T12:03:18"
launch_item,"/System/Library/LaunchDaemons","com.apple.filesystems.userfs_helper","None","7f088ba809e9400b16f6cecd78c9716672ba1f5aad22ea1f6466ceca7f672dd9","2026-02-01T12:03:18"
launch_item,"/System/Library/LaunchDaemons","com.apple.Kerberos.kdc","None","c00a62b0d262487d128f8af397d73f66251de71db385a3d39cf955a287e16334","2026-02-01T12:03:18"
launch_item,"/System/Library/LaunchDaemons","com.apple.logkextloadsd","/usr/libexec/logkextloadsd","4cc48239ad6153bcbd02c6e0a5b5a80d9ad7ced825f69cd599e41bb6b8412f0b","2026-02-01T12:03:18"
launch_item,"/System/Library/LaunchDaemons","com.apple.firmwaresyncd","/usr/libexec/firmwaresyncd","85f74c916003f1237ca78f7121fc5770d5673baf18aac7e3d1236538a381a4cd","2026-02-01T12:03:18"
launch_item,"/System/Library/LaunchDaemons","com.apple.ionodecache","None","4ad7ff6344c3c51bf1d67e96df1ba6ceb7d52f1a6cd2b179921c624c5d3dbe77","2026-02-01T12:03:18"
launch_item,"/System/Library/LaunchDaemons","com.apple.eapolcfg_auth","/System/Library/PrivateFrameworks/EAP8021X.framework/Resources/eapolcfg_auth","c8a93cf4074282c7ea0c6a76832a0bb6da605b3f6ce4e41a6bd217027b89630f","2026-02-01T12:03:18"
launch_item,"/System/Library/LaunchDaemons","com.apple.assetsubscriptiond","/usr/libexec/assetsubscriptiond","88ec33563a41351cdf3152331ee1bec71f686a390a0892bd7dd3520513b560b0","2026-02-01T12:03:18"
launch_item,"/System/Library/LaunchDaemons","com.apple.CryptoTokenKit.ahp","None","c726286ee83b8f96565671387a071c27326ff4803ddf8e5517d49d5f5d9d1053","2026-02-01T12:03:18"
launch_item,"/System/Library/LaunchDaemons","None","None","f10442c2397f2a70d36fc3e40fcebfac986cb3574b057bb3d66944ac95e0a348","2026-02-01T12:03:18"
launch_item,"/System/Library/LaunchDaemons","com.apple.rtcreportingd","None","b8e1e543cec0b078b6d1a91877a5249322a1e8df734f877de1e166b006840409","2026-02-01T12:03:18"
launch_item,"/System/Library/LaunchDaemons","com.apple.lightsoutmanagementd","None","d594d49c305a57c4269635f750dc8b827895da4cb522d98857ad851fe7fd04da","2026-02-01T12:03:18"
launch_item,"/System/Library/LaunchDaemons","com.apple.startupdiskhelper","None","14b3c13ad62d51eeef6c8fae5d60e4813128c350af049949f481341aaffc782e","2026-02-01T12:03:18"
launch_item,"/System/Library/LaunchDaemons","com.apple.watchdogd","None","cd32924e1fd7ed58dd4698751714135b2d3a03a055e654768bb4c5e3293742ae","2026-02-01T12:03:18"
launch_item,"/System/Library/LaunchDaemons","com.apple.nfsd","None","2dbea2fba9960c46adf48633f197dc6b9daad0c6a1892f63000954e9eed54254","2026-02-01T12:03:18"
launch_item,"/System/Library/LaunchDaemons","com.apple.sessionlogoutd","None","c139632ed75eb89d5330da8c93b7408a9f4b6406aa73da372134e7bc06540f7a","2026-02-01T12:03:18"
launch_item,"/System/Library/LaunchDaemons","com.apple.dt.fetchsymbolsd","None","a1e256564f5075ec8db9ea44591961388c398b26c98c2af3fe2c3708c58ea1e2","2026-02-01T12:03:18"
launch_item,"/System/Library/LaunchDaemons","com.apple.eligibilityd","/usr/libexec/eligibilityd","245ae2408b5cbf505b589c0781cf64dfa403bb763514dedcfd0b749adb88cfee","2026-02-01T12:03:18"
launch_item,"/System/Library/LaunchDaemons","com.apple.RemotePairTool","/System/Library/CoreServices/RemotePairTool","dd27b6983547687826d212dbcda2a018879877e25d8e79701ecd4bae16fd829c","2026-02-01T12:03:18"
launch_item,"/System/Library/LaunchDaemons","com.apple.smbd","None","6beadb336792dce9503482b833718da21e2087fd0eaf436f96b10aa32a1ccd05","2026-02-01T12:03:18"
launch_item,"/System/Library/LaunchDaemons","com.apple.coreservicesd","None","60492f05558e87b0f2eadf314ebd5781c280817736e9e319861afd5792eef8f1","2026-02-01T12:03:18"
launch_item,"/System/Library/LaunchDaemons","com.apple.locationd","None","dbfeb21b9eb31a0d6528e77fdbbfaa09a88ecdde9391e5cc201f4440468d77bc","2026-02-01T12:03:18"
launch_item,"/System/Library/LaunchDaemons","com.apple.dhcp6d","/usr/libexec/dhcp6d","917ddafe4f2e73638d9255922f16661ff7a4b699b053f5bc53667e72c4c62622","2026-02-01T12:03:18"
launch_item,"/System/Library/LaunchDaemons","com.apple.afpfs_checkafp","None","0579b135ad0a3e92d663a3d47fb541a2281a06f9d37670d416b722e562db398d","2026-02-01T12:03:18"
launch_item,"/System/Library/LaunchDaemons","com.apple.dprivacyd","/usr/libexec/dprivacyd","39f53a0a656d174c1f89da515a6b61fb581ed7583ea41a0fc6a4a9c9ff675770","2026-02-01T12:03:18"
launch_item,"/System/Library/LaunchDaemons","com.apple.ReportSystemMemory","None","3b657031faea1f8481badaa9161045bcccb0d54862395f32b4ff5c8dc55a8fed","2026-02-01T12:03:18"
launch_item,"/System/Library/LaunchDaemons","com.apple.PasswordService","None","47543420cabfd32a87ea519f35d2d155bd3d989c662326adbf94a1beb963f455","2026-02-01T12:03:18"
launch_item,"/System/Library/LaunchDaemons","com.apple.xpc.uscwoap","/bin/bash","2478060570082749c59bdfb72c33dfb4c75ee0586ab7f8b20e15ea6a2930cf1d","2026-02-01T12:03:18"
launch_item,"/System/Library/LaunchDaemons","com.apple.attentionawarenessd","None","0a2a5935935067f9d29a667f6932c9b17eb3094037de090392e112e1a20e7942","2026-02-01T12:03:18"
launch_item,"/System/Library/LaunchDaemons","com.apple.powerd","/System/Library/CoreServices/powerd.bundle/powerd","b340cbd21616d81fde35e19d6b753e92da2ea6bd3bd6b825f30bd1b08396bf7d","2026-02-01T12:03:18"
launch_item,"/System/Library/LaunchDaemons","com.apple.trustdFileHelper","None","9f7eda2decc0cb2dee390cb04d7ccc1ead14efb59ce6c746e03b63311a12098c","2026-02-01T12:03:18"
launch_item,"/System/Library/LaunchDaemons","com.apple.taskgated","None","71e125147c68eea1b2e14c45b1c3cfd474aa8a056e63ca1fe7712ecad69cb7b6","2026-02-01T12:03:18"
launch_item,"/System/Library/LaunchDaemons","com.apple.TrustEvaluationAgent.system","/System/Library/PrivateFrameworks/TrustEvaluationAgent.framework/Resources/trustevaluationagent","3ed773c0e903e7eaafbb503f6e6ab676d0c434b43dc68c5ad5d1206ed1fdaea8","2026-02-01T12:03:18"
launch_item,"/System/Library/LaunchDaemons","com.apple.xsan","/System/Library/Filesystems/acfs.fs/Contents/bin/xsand","441baf15a20e056f4e06b6f0d911488f9e1936d4b822894556363835c204c0f8","2026-02-01T12:03:18"
launch_item,"/System/Library/LaunchDaemons","com.apple.xpc.roleaccountd","None","a9141b9707bc889fbae3a74c870c4a3d3be4e2a08c52c91458a5884320c9e258","2026-02-01T12:03:18"
launch_item,"/System/Library/LaunchDaemons","com.apple.seld","/usr/libexec/seld","af9e6b5e75602d730667b0fff08c44473f3a41f5beabc711885871de1b242861","2026-02-01T12:03:18"
launch_item,"/System/Library/LaunchDaemons","com.apple.corecaptured","None","84c72fa91e56027f561f8c44a504184da120acbea112a072ee3d1e201f5f516f","2026-02-01T12:03:18"
launch_item,"/System/Library/LaunchDaemons","com.apple.systemstatusd","None","089b96d8b52e6777cb9406ada5c07ff1e8c2c3166e8f6cb4703007353055312f","2026-02-01T12:03:18"
launch_item,"/System/Library/LaunchDaemons","com.apple.tmp_cleaner","None","9d6c12787586f8cb0a56d857951a6b69812b9288dfb8019ccf7072112a3dedd8","2026-02-01T12:03:18"
launch_item,"/System/Library/LaunchDaemons","com.apple.deleted_helper","None","18c0b72bc43cef97cb043c14c401b73e79b74c20c8213e3ed9a41717fef77da5","2026-02-01T12:03:18"
launch_item,"/System/Library/LaunchDaemons","com.apple.automountd","/usr/libexec/automountd","f8361bf3cb179f4f39db977dd271aa748820347aa2770c78383245981f295e1d","2026-02-01T12:03:18"
launch_item,"/System/Library/LaunchDaemons","com.apple.mdmclient.daemon","None","7c5f629721275d1aca248b423da34e98930c2fcb023a553c8135acdf9f93c364","2026-02-01T12:03:18"
launch_item,"/System/Library/LaunchDaemons","com.apple.tzlinkd","/usr/libexec/tzlinkd","60c9516fbb42a8f4f3695b02a4bfb8e211e481e8e345d5672f391a3c804b7e80","2026-02-01T12:03:18"
launch_item,"/System/Library/LaunchDaemons","com.apple.postfix.newaliases","None","83ad86a14082ca101435d884a4164ca02d3fc61a2952241f39d2a77ff684a9e6","2026-02-01T12:03:18"
launch_item,"/System/Library/LaunchDaemons","com.apple.logind","None","d6650b0d1daa84c96cfe8f85b8f216d8b3cf9acdbd921114ee824f00b7773117","2026-02-01T12:03:18"
launch_item,"/System/Library/LaunchDaemons","com.apple.diskmanagementstartup","None","9749058e9a69f418055d5dfdce55f3807ce3545c77886a0e886fd67eca7e8723","2026-02-01T12:03:18"
launch_item,"/System/Library/LaunchDaemons","com.apple.installd","None","a84b16b38e9e5af920a62ee58baff25585621d3d795f291f26ba6ea55c978e08","2026-02-01T12:03:18"
launch_item,"/System/Library/LaunchDaemons","com.apple.AppleCredentialManagerDaemon","None","57adc366c98ffd81ab2b6f36a98e0531e11e5a4b0cf52147b92b48c70bd72497","2026-02-01T12:03:18"
launch_item,"/System/Library/LaunchDaemons","com.apple.cameracaptured","None","16f09de1f5c124ae078d5d10972a2664737f296d2ffc06457eb729ddb27d43a8","2026-02-01T12:03:18"
launch_item,"/System/Library/LaunchDaemons","com.apple.dynamic_pager","None","d7010942ff6fd15894b078ffcb5e5016fbcdefcf56dbe9489d71b40304ef9180","2026-02-01T12:03:18"
launch_item,"/System/Library/LaunchDaemons","com.apple.Kerberos.kcm","None","cbf7acf2e7160ec6e8dd41a3a8221ddb69c84044800d96ada22471a37f834096","2026-02-01T12:03:18"
launch_item,"/System/Library/LaunchDaemons","com.apple.appleh13camerad","None","5b4c2124852229388f7fb30d4653f57d7912881e51ee3ef8c395d8505adda705","2026-02-01T12:03:18"
launch_item,"/System/Library/LaunchDaemons","com.apple.iomfb_fdr_loader","None","2ea63d44eaa69f1c3acfc3143926ecc047702a332d11675a5ac462485687359c","2026-02-01T12:03:18"
launch_item,"/System/Library/LaunchDaemons","com.apple.diskimagesiod.ram","None","d3804db693ba4f83c4d5fa9eee1210b5307261c43a3c0e6fdae8fe4b5abbc659","2026-02-01T12:03:18"
launch_item,"/System/Library/LaunchDaemons","com.apple.Kerberos.kpasswdd","None","00132a959da19183a3e477a81da80a90830a3d08c9ee4703898a804300823138","2026-02-01T12:03:18"
launch_item,"/System/Library/LaunchDaemons","com.apple.nand_task_scheduler","/usr/libexec/NANDTaskScheduler","8f66978f6cb170d85ede59c02d055297f9d46fbff706a9f0af347a10252ae979","2026-02-01T12:03:18"
launch_item,"/System/Library/LaunchDaemons","com.apple.dvdplayback.setregion","None","6bc898746579397aff1e9d7055317fd588bf213d9c3049d22cdfb1934e8f75c2","2026-02-01T12:03:18"
launch_item,"/System/Library/LaunchDaemons","com.apple.osanalytics.osanalyticshelper","None","7cad57d96b1a5e0c93de483d21f69bb813e1750adac69295b36c0f80141ac8b3","2026-02-01T12:03:18"
launch_item,"/System/Library/LaunchDaemons","com.apple.metadata.mds.scan","None","877e4a414df884987b5f0d4cbe15e2a2842782748201d1eb744efcb3393c1740","2026-02-01T12:03:18"
launch_item,"/System/Library/LaunchDaemons","com.apple.boswatcher","None","4480473f8834b722a01ab1196657763f2c318d38ca6406e1548c430a70dfe5bd","2026-02-01T12:03:18"
launch_item,"/System/Library/LaunchDaemons","com.apple.NetworkSharing","None","4b7538f63d2abc33fe05ac82ed9b441012e12b2116af4b2e34113abfa828d591","2026-02-01T12:03:18"
launch_item,"/System/Library/LaunchDaemons","com.apple.auditd","/usr/sbin/auditd","eb841257f87b360be958056d77abbb54727e6e636b845b599e9ddaeabcee365e","2026-02-01T12:03:18"
launch_item,"/System/Library/LaunchDaemons","com.apple.testmanagerd.remote","/usr/libexec/testmanagerd","c608935ad5ce3f57f4185467f65d28b9aadabd6a4c1d551e4449eefe295278f8","2026-02-01T12:03:18"
launch_item,"/System/Library/LaunchDaemons","com.apple.FileCoordination","/usr/sbin/filecoordinationd","c95e9f6824ab394bc9fd438cdd530a0c8cb68444367aa8059bcff36919defa14","2026-02-01T12:03:18"
launch_item,"/System/Library/LaunchDaemons","com.apple.UserNotificationCenter","None","5b60e32420e31b989182d05ae4d718d2a64b38ffd8e8b93a96ac0f0d0548c2d3","2026-02-01T12:03:18"
launch_item,"/System/Library/LaunchDaemons","com.apple.security.authhost","None","8b3bdd66b0bb54882bf1b68d61611cc9416777d9c14f1696ce0752e951f0d805","2026-02-01T12:03:18"
launch_item,"/System/Library/LaunchDaemons","com.apple.metadata.mds.spindump","None","9b49e62b2322ee3b1b59653a08c8e1a252ea6e02536a278742572d2ff5f3d323","2026-02-01T12:03:18"
launch_item,"/System/Library/LaunchDaemons","com.apple.sysdiagnose_helper","None","1c99b6af037539a490c4805ea3ec597c9ec35064a8c1770fa6807aeca73ed78e","2026-02-01T12:03:18"
launch_item,"/System/Library/LaunchDaemons","com.apple.oahd","None","5bfe49bac3b17768b14aab554fd54b16beb1bc34a9e4b32d2cd9fb3f61c3ed3c","2026-02-01T12:03:18"
launch_item,"/System/Library/LaunchDaemons","com.apple.thermald","None","f956bcf506a7694eb53df937b738b01eb23e1afd19e992da3ed0e8446e188e82","2026-02-01T12:03:18"
launch_item,"/System/Library/LaunchDaemons","com.apple.loginwindow","/System/Library/CoreServices/loginwindow.app/Contents/MacOS/loginwindow","961147dabf501201582b19c3e1da63f111595c3f9c67a05dd88fdb50f3037c00","2026-02-01T12:03:18"
launch_item,"/System/Library/LaunchDaemons","com.apple.gamepolicyd","None","ffe5aba19e636c8c6c8783cf3e221fd6f5be81f1e2e38c4698c62aa3025417c6","2026-02-01T12:03:18"
launch_item,"/System/Library/LaunchDaemons","com.apple.efilogin-helper","None","1ccba2ed6a10255d96c2ffa8765e9fe73a78148a6c4466f525fe5331f38a8d46","2026-02-01T12:03:18"
launch_item,"/System/Library/LaunchDaemons","com.apple.displaypolicyd","None","5c6d878c314ce1e4c774200db2509193fec818201120d2f55b8b0423df94c28e","2026-02-01T12:03:18"
launch_item,"/System/Library/LaunchDaemons","com.apple.backupd","/System/Library/CoreServices/TimeMachine/backupd","d674bc1ae6cabd1fe9a2c16dec95ac2b5d6072ce1ed76a2460337dacb3f267f0","2026-02-01T12:03:18"
launch_item,"/System/Library/LaunchDaemons","com.apple.hdiejectd","None","cfbacaab83c90ebade844f8b1c022a83e818628eb14c5f36484e489a56dd8888","2026-02-01T12:03:18"
launch_item,"/System/Library/LaunchDaemons","com.apple.tccd.system","None","b5d3d2e6b528d0589d6e3ae85271f3b25528c165d977f8b8603ffc9bd2679a59","2026-02-01T12:03:18"
launch_item,"/System/Library/LaunchDaemons","com.apple.netauth.sys.gui","None","756b4ccb7cda59caddfde53cd3a2f7b4798c017133a7eff8e9be3ccbf5648ab1","2026-02-01T12:03:18"
launch_item,"/System/Library/LaunchDaemons","com.apple.IFCStart","None","3557de58ca185e6d8c20bacb0134da43388f15a05d4bd0333680f3dcd0a10407","2026-02-01T12:03:18"
launch_item,"/System/Library/LaunchDaemons","com.apple.colorsyncd","None","7e9dff3167142eeccc1bcfe3fc9e2f60370d215fe8b6ebf3469920faea257f96","2026-02-01T12:03:18"
launch_item,"/System/Library/LaunchDaemons","com.apple.asr","None","1b700b18c413a3e8756507aac61dd873968a9bfaf77bbc560a9227e83c179efd","2026-02-01T12:03:18"
launch_item,"/System/Library/LaunchDaemons","com.apple.iconservices.iconservicesagent","None","b6947a97dd8b9cc240e36a45d3739d2463e49220d1f05c7ca06ef53afd4227df","2026-02-01T12:03:18"
launch_item,"/System/Library/LaunchDaemons","com.apple.diagnosticextensions.osx.spotlight.helper","/System/Library/PrivateFrameworks/DiagnosticExtensions.framework/PlugIns/osx-spotlight.appex/Contents/XPCServices/SpotlightHelper","6e79d6114057cd0bf18cc658e3d72ea6840a7390a35a5d523d6408e88124e668","2026-02-01T12:03:18"
launch_item,"/System/Library/LaunchDaemons","com.apple.remotemanagementd","/System/Library/PrivateFrameworks/RemoteManagement.framework/remotemanagementd","4d90842afe3db4c8831ca2b9d29358e810bb8d60b240f5935ef8968fa6ab6e66","2026-02-01T12:03:18"
launch_item,"/System/Library/LaunchDaemons","com.apple.unmountassistant.sysagent","None","f7751ac9ea6c5abed57768d42e75115c49809dcee128662f2456742296e541cb","2026-02-01T12:03:18"
launch_item,"/System/Library/LaunchDaemons","com.apple.secinitd","/usr/libexec/secinitd","447d6b57e73d2dea3887f942658f3ab7dca6ef932765ca95be4b13b703b53f14","2026-02-01T12:03:18"
launch_item,"/System/Library/LaunchDaemons","com.apple.powerdatad","/usr/libexec/powerdatad","89e52702334dadfed2d238d4da813d0e9c04a13a8674f79d1d2cba432b3f2578","2026-02-01T12:03:18"
launch_item,"/System/Library/LaunchDaemons","com.apple.InstallerDiagnostics.installerdiagwatcher","None","de560525d09cbe0a38f4c77a25eee90f1e81538cf5630bb5f64f052c6108d6e6","2026-02-01T12:03:18"
launch_item,"/System/Library/LaunchDaemons","com.apple.afpfs_afpLoad","None","3ebe96997b9124c9b3a88d83a2d814b06d1338e0d554a68197ead644b6e9bd24","2026-02-01T12:03:18"
launch_item,"/System/Library/LaunchDaemons","com.apple.dspluginhelperd","/usr/libexec/dspluginhelperd","3acbd361a2671e10b812e0bb8b6549614162a8f57639122e2e01e796f05eaa7c","2026-02-01T12:03:18"
launch_item,"/System/Library/LaunchDaemons","com.apple.analyticsd","None","f9dbee38d2c3ba73c8b088640610e049f9a307cdec85a0691777765932d3b0b3","2026-02-01T12:03:18"
launch_item,"/System/Library/LaunchDaemons","com.apple.corercd","None","d1a5a48499cac94192efa7ccbcced0ff38f9f61cbff28ef79999b2fa90c93875","2026-02-01T12:03:18"
launch_item,"/System/Library/LaunchDaemons","com.apple.ContainerMigrationService","/usr/libexec/ContainerMigrationService","f2a68e7a7fccf4c2fe749f98bfd24c41c474cb01af2fa46eb7f62ecc8f6aa4aa","2026-02-01T12:03:18"
launch_item,"/System/Library/LaunchDaemons","com.apple.usbpowerd","/usr/libexec/usbpowerd","757531fe293803c2c42a7820c68936bca4309c658c17ad795ac121ad891d0afd","2026-02-01T12:03:18"
launch_item,"/System/Library/LaunchDaemons","com.apple.mbusertrampoline","None","59c28f04ce27cafc16166bce8a85bca01cd5a24e95e43c7a61fff86e8f44aee9","2026-02-01T12:03:18"
launch_item,"/System/Library/LaunchDaemons","com.apple.kuncd","None","fa3943a1b89cb6718db07893d72f975ad5b33900664f9157e7a9c2d76a181e2a","2026-02-01T12:03:18"
launch_item,"/System/Library/LaunchDaemons","com.apple.postupgraded","/System/Installation/CDIS/postupgraded","db6c6d14fb408b9fb176d73a3d03a8debf4fc9a954ce3cddb927542a555daec6","2026-02-01T12:03:18"
launch_item,"/System/Library/LaunchDaemons","com.apple.postfix.master","/usr/libexec/postfix/master","70f62d290dc12579be45dd8b07c4d9d5d97345ad8bcc2c5e51a5f1795f7cc437","2026-02-01T12:03:18"
launch_item,"/System/Library/LaunchDaemons","com.apple.ucupdate.plist","None","7cc729164885abd0df989e7f4315b78fa82466cca235c93f4c4edb37c8af8e60","2026-02-01T12:03:18"
launch_item,"/System/Library/LaunchDaemons","com.apple.ioupsd","/usr/libexec/ioupsd","d3ff2d04bb16fb7f19fe25e6a95a6ae863056ade1394f00a328b296a9fb4ca24","2026-02-01T12:03:18"
launch_item,"/System/Library/LaunchDaemons","com.apple.ospredictiond","/usr/libexec/ospredictiond","c97ed70aad056126d84278e6d9c8e3df9d8d680e51f42b101e51bf6d08bb5007","2026-02-01T12:03:18"
launch_item,"/System/Library/LaunchDaemons","com.apple.distnoted.xpc.daemon","None","10dff975d8e8ead968b69b75b84f85950bea99ef7c52ce0794f4c74b8e9635b3","2026-02-01T12:03:18"
launch_item,"/System/Library/LaunchDaemons","com.apple.corebrightnessd","None","e899825a10d2203e34ef55c483417c5e2c2d2f7abb008707bf94d9e9e18fc685","2026-02-01T12:03:18"
launch_item,"/System/Library/LaunchDaemons","com.apple.usbctelemetryd","None","b4986d570d67a2263ec4103ce5e7268e339ef42b395933490587bf4713383aef","2026-02-01T12:03:18"
launch_item,"/System/Library/LaunchDaemons","com.apple.signpost.signpost_reporter","None","f26788bebe684d53e421cd4b48059fdeb196ba15c08f8a0227e5edb70c8ed3f7","2026-02-01T12:03:18"
launch_item,"/System/Library/LaunchDaemons","com.apple.threadradiod","None","c879db36ce42aaa32582558dce76cd644a4bc90a0168aee06ecf17c71b2dad3d","2026-02-01T12:03:18"
launch_item,"/System/Library/LaunchDaemons","com.apple.lsd","None","59aad70effd1ec61426a2b998af6eb6db7cb5ec358bdfcc1b41f95b045ae997a","2026-02-01T12:03:18"
launch_item,"/System/Library/LaunchDaemons","com.apple.touchbarserver","/usr/libexec/TouchBarServer","3b9748c49b8ffa7e9fc3819d3a9938892a0f8d75c2c13b35b5a869bccbae2673","2026-02-01T12:03:18"
launch_item,"/System/Library/LaunchDaemons","com.apple.appstored","/System/Library/PrivateFrameworks/AppStoreDaemon.framework/Support/appstored","97d1df3c1738430a37be5005a89ad8146e9b1ad9c7872c2f87336e60db54c9f2","2026-02-01T12:03:18"
launch_item,"/System/Library/LaunchDaemons","com.apple.logd_helper","/usr/libexec/logd_helper","d595c8365598d859aa40ad3f0a230a43a97e8c92a0fe08a35d052c75106cbd95","2026-02-01T12:03:18"
launch_item,"/System/Library/LaunchDaemons","com.apple.systemstats.analysis","None","159d16f9bfea3f85f0a9f1f804015d4245aa509653b90b1cd6c1a21487975172","2026-02-01T12:03:18"
launch_item,"/System/Library/LaunchDaemons","com.apple.ManagedClient.mechanism","None","8617308a433f4c02126007580f116e159361f46a47b1835afd209392bce94915","2026-02-01T12:03:18"
launch_item,"/System/Library/LaunchDaemons","com.apple.diskimagesiod.spb","None","38f62f5f7eff37f0446ee40ec13ec2eb58fa31232f2acc6a9b8b14202ff847ed","2026-02-01T12:03:18"
launch_item,"/System/Library/LaunchDaemons","com.apple.AppleQEMUGuestAgent","None","016844aa5872ac435b3291ff04f669fd8a5386e2b81928fc9d0836ce3000a235","2026-02-01T12:03:18"
launch_item,"/System/Library/LaunchDaemons","com.apple.rapportd","None","3da6b6a402cb8d72402a8da04b9f869c2987a9e0d3c9f1a9c116cbcd28caf224","2026-02-01T12:03:18"
launch_item,"/System/Library/LaunchDaemons","com.apple.uninstalld","None","c61df36d9efecbfd0d623562ef89f02b120148e2ea25b76c24bf0bd289afdf55","2026-02-01T12:03:18"
launch_item,"/System/Library/LaunchDaemons","com.apple.DumpGPURestart","None","4422b5e13cb9ea3acc5f7718d99e366a59fd180a8de537bdc87c9ef12e06e943","2026-02-01T12:03:18"
launch_item,"/System/Library/LaunchDaemons","com.apple.remoted","None","f505b88e230ab4861e535c486e172c57cb924346c01b65cc1a57b3bdf07d85e8","2026-02-01T12:03:18"
launch_item,"/System/Library/LaunchDaemons","com.apple.dasd","/usr/libexec/dasd","7f8378beb5cc15d6698c5a78cf6a9b928dc1dd68267a0927f07d893dadf18e98","2026-02-01T12:03:18"
launch_item,"/System/Library/LaunchDaemons","com.apple.wifiFirmwareLoader","None","84249dcd1d135e496fd924c4d4757ab553ce926258b3e18e59cdb90c50b06d2f","2026-02-01T12:03:18"
launch_item,"/System/Library/LaunchDaemons","com.apple.cmio.videodriverkithostextension","None","b72bfaaa008834f8d9b13e1ae730054ac7b3ba47f808cd4951079fd49aa530d5","2026-02-01T12:03:18"
launch_item,"/System/Library/LaunchDaemons","com.apple.noticeboard.state","/System/Library/PrivateFrameworks/Noticeboard.framework/Versions/A/Resources/nbstated","b731232847f683cc880b88c8caa178d19e31325932a5130bb4d448b4bd254436","2026-02-01T12:03:18"
launch_item,"/System/Library/LaunchDaemons","com.vix.cron","None","2547fea0eb68e3e1dc92751a5343f296be4f250a06c8bde418a54808f2e9b85e","2026-02-01T12:03:18"
launch_item,"/System/Library/LaunchDaemons","com.apple.cloudd","None","cb47cab674c55bc244a5735b008a9ffae01237b47f9296376a8c934a566088ba","2026-02-01T12:03:18"
launch_item,"/System/Library/LaunchDaemons","com.apple.nehelper","/usr/libexec/nehelper","428517c3ff88ad9692f811f3107b426b3c8a63749e053879114f30bf4449cc8d","2026-02-01T12:03:18"
launch_item,"/System/Library/LaunchDaemons","com.apple.WindowServer","None","2db48732fadbc39c878acaae08bcf43dcad37116a0b875c8de429379d6aec0ec","2026-02-01T12:03:18"
launch_item,"/System/Library/LaunchDaemons","com.apple.ntalkd","None","e48e54552c57cf2ecae454bd56d401a79f0a26d16cd790aabeaf6405952ae629","2026-02-01T12:03:18"
launch_item,"/System/Library/LaunchDaemons","com.apple.UserEventAgent-System","None","e2ca515194674e8c849610834c6ef2a7b58f8421c30d297ef8c3cc615ae76bfb","2026-02-01T12:03:18"
launch_item,"/System/Library/LaunchDaemons","com.apple.biomed","None","3006f9b266a202cfe953342344146ed9363119d46adc94eebbb2fbdf72bc6419","2026-02-01T12:03:18"
launch_item,"/System/Library/LaunchDaemons","com.apple.bootpd","None","04cb8e8e584d8a4e1595dd78ea71b56592c8bbe9ab56371c9e19eeb51ae504b0","2026-02-01T12:03:18"
launch_item,"/System/Library/LaunchDaemons","com.apple.managedappdistributiond","/System/Library/Frameworks/ManagedAppDistribution.framework/Support/managedappdistributiond","27f18cea00144e6d7eef74d26918ce2c164e398f9c420ff74613ab0dbda6b382","2026-02-01T12:03:18"
launch_item,"/System/Library/LaunchDaemons","com.apple.erasecontentsettingshelperd","None","b9f803af04f84649433ae6466ba1d753a283b57668c67ef93e90c03b4cc50fe6","2026-02-01T12:03:18"
launch_item,"/System/Library/LaunchDaemons","com.apple.smb.preferences","None","b1749ab00d83f1be1d977edf7da5baf0c49dea8ce4aa4b19522849ce56da5a3b","2026-02-01T12:03:18"
launch_item,"/System/Library/LaunchDaemons","com.apple.netauth.sys.auth","None","6fcbd1c69f96cb8dbcc1348a77a86634108089c147c1b52c50179922eac504d9","2026-02-01T12:03:18"
launch_item,"/System/Library/LaunchDaemons","com.apple.griddatad","/usr/libexec/griddatad","4f42d7dfde00b409d73e7afcf8c7eda7355629c9233e632d282dd11ce7ae871b","2026-02-01T12:03:18"
launch_item,"/System/Library/LaunchDaemons","com.apple.sysdiagnose","None","44921b9784de412ae708693fd90f90e8fe557d167e4576a50ddfd75e5a6a4d4b","2026-02-01T12:03:18"
launch_item,"/System/Library/LaunchDaemons","com.apple.modelcatalogd","None","154fcae4190d7ee8833d8b74f02a6f9d3351527e58011433a17d46a72e40cbd9","2026-02-01T12:03:18"
launch_item,"/System/Library/LaunchDaemons","com.apple.cvmsServ","None","b4e9090b0614ec248c660c847c2f5c044f89bad7aaad83f24aad966724aa6395","2026-02-01T12:03:18"
launch_item,"/System/Library/LaunchDaemons","com.apple.msrpc.lsarpc","None","e9fa8e1e165c80695fb6da2455e9f3ab410764f8e5061311f2356277fd8c1a20","2026-02-01T12:03:18"
launch_item,"/System/Library/LaunchDaemons","org.apache.httpd","None","9cd84b7c179a19d93c2ce36484c9b54d4b4c5ab683b0064cebb2e5dffb0769b3","2026-02-01T12:03:18"
launch_item,"/System/Library/LaunchDaemons","com.apple.sysmond","/usr/libexec/sysmond","0cc9442ff13751f644542395c3474847f4338771b8d6d23d4be4de3ba7985dc3","2026-02-01T12:03:18"
launch_item,"/System/Library/LaunchDaemons","com.apple.iconservices.iconservicesd","None","04a107a2dee70016ec5d49a5abffc84d70e04dba115f5289e4e35216be6bd1b5","2026-02-01T12:03:18"
launch_item,"/System/Library/LaunchDaemons","com.apple.installcoordination_proxy","None","8e9e19a3e6569c51069e573d5de8eeb1ab498dc2e9c3fcf258b546b2f133d1a4","2026-02-01T12:03:18"
launch_item,"/System/Library/LaunchDaemons","com.apple.msrpc.mdssvc","None","f3495968b052bb2374d929a4e24af67052576317d97eb9a0b77df8cf04f6c284","2026-02-01T12:03:18"
launch_item,"/System/Library/LaunchDaemons","com.apple.pfctl","/sbin/pfctl","006c52cdd16e987fd268e2a1fee380d9293d8d365d6e494c28b17beb176c8c31","2026-02-01T12:03:18"
launch_item,"/System/Library/LaunchDaemons","com.apple.Virtualization.AppleVirtualPlatformHIDBridge","/usr/libexec/AppleVirtualPlatformHIDBridge","7deba37623de27d70ddaff1be2264b59bb3e90036137a42934d3d2a9dc26d4a4","2026-02-01T12:03:18"
launch_item,"/System/Library/LaunchDaemons","com.apple.countryd","None","6f8181776ddee375b2a5b6c1ec39b0df18023e47282486d2fa58738a83356eb1","2026-02-01T12:03:18"
launch_item,"/System/Library/LaunchDaemons","com.apple.cmio.VDCAssistant","None","c432f82297fee7ae7c0bb3753cdaa3c81c756bad4e372c704e4e6e653eb426b6","2026-02-01T12:03:18"
launch_item,"/System/Library/LaunchDaemons","com.apple.IOAccelMemoryInfoCollector","None","21bdd3b79e19be9517e47614518c39a64f51df944d26da1231ed7fb422750354","2026-02-01T12:03:18"
launch_item,"/System/Library/LaunchDaemons","com.apple.mobile.usermanagerd","None","074bf01f99a16e9739a8f28ffadeba39e2ebec885f5ed09e41334b568550b134","2026-02-01T12:03:18"
launch_item,"/System/Library/LaunchDaemons","com.apple.backgroundtaskmanagementd","/System/Library/PrivateFrameworks/BackgroundTaskManagement.framework/Resources/backgroundtaskmanagementd","e03136222e29a5b04d8b8e1175b113d5732e38319be7536c8311ae8138f39a4d","2026-02-01T12:03:18"
launch_item,"/System/Library/LaunchDaemons","com.apple.runningboardd","/usr/libexec/runningboardd","8b62f33df5bdba03a441bbb9f8f5cbebab132fa798aaa8d2d6e1e8a253c51efe","2026-02-01T12:03:18"
launch_item,"/System/Library/LaunchDaemons","com.apple.msrpc.wkssvc","None","3f4a62bc661b4ed9e3b37909270dba560a11065dc2ceed67d358bf7eb3346086","2026-02-01T12:03:18"
launch_item,"/System/Library/LaunchDaemons","com.apple.xscertd-helper","None","41857b81c0bdfe0528dbd3ea471573cc6fa45c80cd99e9583dd724ecb0bda7c9","2026-02-01T12:03:18"
launch_item,"/System/Library/LaunchDaemons","com.apple.corespeechd_system","None","97cf6883b28e3426ece3a9a37a3b5dc4b4e5ba3758a102a596f5605fc9e933e4","2026-02-01T12:03:18"
launch_item,"/System/Library/LaunchDaemons","com.apple.sandboxd","None","a0361a2cccc4e6b27da799a14aa6cd70720bc1b98a1f5cccd4d9e53a511ea4fb","2026-02-01T12:03:18"
launch_item,"/System/Library/LaunchDaemons","com.apple.ReportCrash.Root","None","0fbeddc9ac719c1389b0628682035e5c8e51a57898c510c829760bee32135466","2026-02-01T12:03:18"
launch_item,"/System/Library/LaunchDaemons","com.apple.ecosystemanalyticsd","None","ee2779308dfb40c6de41fde58eb5be06f4b97acc9405170c301aed248239ec00","2026-02-01T12:03:18"
launch_item,"/System/Library/LaunchDaemons","com.apple.ftp-proxy","/usr/libexec/ftp-proxy","a2aec065726242671c5bc7a3f437183f42040caf826fed4db87c69efe27f10af","2026-02-01T12:03:18"
launch_item,"/System/Library/LaunchDaemons","com.apple.DumpPanic","None","f61fe83aa8ab48c8aed22ff92aa2683c4e981e6e34715d0fa3ad78a7e7bbd957","2026-02-01T12:03:18"
launch_item,"/System/Library/LaunchDaemons","com.apple.symptomsd-diag","/usr/libexec/symptomsd-diag","762ad730d2a04d3e8c7bfbfedf3c51e19c3cb9914721c411c4cd4bab4a0d7501","2026-02-01T12:03:18"
launch_item,"/System/Library/LaunchDaemons","com.apple.kernelmanager_helper","None","2de9e53301d286021b6abc810fbdfded628e41eb1d6d01f0492a0270d949fca8","2026-02-01T12:03:18"
launch_item,"/System/Library/LaunchDaemons","com.apple.coreservices.appleevents","None","6e0226cca649935a88d00a87158407b172b2922d2c419dc3b8cba75228599316","2026-02-01T12:03:18"
launch_item,"/System/Library/LaunchDaemons","com.apple.mobile.NRDUpdated","None","b6c8b455713ff37dc2ba48897aa97bb4c826d172cfbf0bf3deafc5a9c3871bb3","2026-02-01T12:03:18"
launch_item,"/System/Library/LaunchDaemons","com.apple.CrashReporterSupportHelper","None","c679ae89d4180009dbd829ee35c777d8edb2c28a49c7fb0517de1def50ba84c4","2026-02-01T12:03:18"
launch_item,"/System/Library/LaunchDaemons","com.apple.nfcd","/usr/libexec/nfcd","dac18d884bb643f869a3abecc88aa22f633c3ec049ae96fbd3b5be9b38d90b71","2026-02-01T12:03:18"
launch_item,"/System/Library/LaunchDaemons","com.apple.filesystems.fskitd","None","929c65815f3e8d7b32356f6c767cfd77239b722141cf29a2c5b7b8f60bdbd238","2026-02-01T12:03:18"
launch_item,"/System/Library/LaunchDaemons","com.apple.securityd","None","3de83e3c4fabc964456c8a673ddf528d580bd5c9964e023ade743e3d8bbf220f","2026-02-01T12:03:18"
launch_item,"/System/Library/LaunchDaemons","com.apple.aonsensed","/usr/libexec/aonsensed","62107a48dd05c32b030ee3d85e6525886d1bc52b130ce015e6e1c3e1617aa830","2026-02-01T12:03:18"
launch_item,"/System/Library/LaunchDaemons","com.apple.vsdbutil","None","f3773d0304884920fbd05265f3461b71dfa058bbe83e994209d1c2ef0ade0e63","2026-02-01T12:03:18"
launch_item,"/System/Library/LaunchDaemons","com.apple.lskdd","/System/Library/PrivateFrameworks/CoreLSKD.framework/Versions/A/lskdd","0b00a36da66ae06e66eda4ea3dddd302d154f873deafebff33d6ea32b13c5043","2026-02-01T12:03:18"
launch_item,"/System/Library/LaunchDaemons","com.apple.ManagedClient","/System/Library/CoreServices/ManagedClient.app/Contents/MacOS/ManagedClient","90054df04012ac3727f3f73cf0b7862e4758a1877e5db11eadccb8743d458afb","2026-02-01T12:03:18"
launch_item,"/System/Library/LaunchDaemons","com.apple.netbiosd","None","fed55c5ab3726356888a0b9a50c85c927ce93b06ee5f0bdf5a1312eadc4fd493","2026-02-01T12:03:18"
launch_item,"/System/Library/LaunchDaemons","com.apple.sysdiagnose","None","00fcbb19d2f30db1c1caa019a6d7474d899c49939a31eafc22852db439d73ba6","2026-02-01T12:03:18"
launch_item,"/System/Library/LaunchDaemons","com.apple.autofsd","/usr/libexec/autofsd","2336e6ea7d954da3195d0ba93decf8725cde03fd0951d8cf8aa802d17af5b2b1","2026-02-01T12:03:18"
launch_item,"/System/Library/LaunchDaemons","com.apple.appinstalld","None","479101581f6b1c1a581f721e59887533fc601bb12c9c0290868767382222b4db","2026-02-01T12:03:18"
launch_item,"/System/Library/LaunchDaemons","com.apple.nlcd","None","3be744178eada833bd388dd22de7b75fef6bd45a163c14496daed999e5fd44a4","2026-02-01T12:03:18"
launch_item,"/System/Library/LaunchDaemons","com.apple.MobileFileIntegrity","None","3470941214e133325a479539efd85cff76e90cd2ea6ba8bf386bccccaa8487a2","2026-02-01T12:03:18"
launch_item,"/System/Library/LaunchDaemons","com.apple.iomfb_bics_daemon","None","e84be2e10e60dd45e86bb7a117cef32c4b6148c07fd6e0abf5790e9ef6790daf","2026-02-01T12:03:18"
launch_item,"/System/Library/LaunchDaemons","com.apple.captiveagent","/usr/libexec/captiveagent","5c1fab6f87cfd2b11d2fbddf72a627d303e11621c02658f2ab028cd081c33387","2026-02-01T12:03:18"
launch_item,"/System/Library/LaunchDaemons","com.apple.lockd","None","eb10b93a51cdb175327a5d033ecdd02776ae90d0a05a4e645168cf8fcc7f7740","2026-02-01T12:03:18"
launch_item,"/System/Library/LaunchDaemons","com.apple.hidd","None","7533651b237602d89b94c8c9b812abcb32d019721cff9b0d08d234961abe5b94","2026-02-01T12:03:18"
launch_item,"/System/Library/LaunchDaemons","com.apple.biometrickitd","None","59b7100b54488c97d2fd12c3bc8efa565443bbda1d5a4ec1b7cd44d890a11612","2026-02-01T12:03:18"
launch_item,"/System/Library/LaunchDaemons","com.apple.spindump","None","7aa9bb1e420b23431f1dfea3c277647030b1324d56fc900e4dd4b9c3ff484ea8","2026-02-01T12:03:18"
launch_item,"/System/Library/LaunchDaemons","com.apple.msrpc.echosvc","None","d6f7762e7a6eaecde574d9fb43bb91e7894d3e2ff9d521a468a6c942e10c4b57","2026-02-01T12:03:18"
launch_item,"/System/Library/LaunchDaemons","com.apple.endpointsecurity.endpointsecurityd","/usr/libexec/endpointsecurityd","4f05fc8b6bc07119a942c17b4149ef4c10229e73e2d0fa2a4c112fb5521d475b","2026-02-01T12:03:18"
launch_item,"/System/Library/LaunchDaemons","com.apple.timesync.audioclocksyncd","None","fff5a8435cbcd629e21f00d43815ceb048f034e16783aa69878a97a789a73eee","2026-02-01T12:03:18"
launch_item,"/System/Library/LaunchDaemons","com.apple.xartstorageremoted","/usr/libexec/xartstorageremoted","d6f45d1d782ff2d7256ef5283d83736c4c57038bc43f69e2b7c88198afeed0b6","2026-02-01T12:03:18"
launch_item,"/System/Library/LaunchDaemons","com.apple.msrpc.srvsvc","None","bf358f4b9c89f2626ff9b01b17e827fa161fc55f792258dd6fc9efe8acb1deb6","2026-02-01T12:03:18"
launch_item,"/System/Library/LaunchDaemons","com.apple.DesktopServicesHelper","/System/Library/PrivateFrameworks/DesktopServicesPriv.framework/Resources/DesktopServicesHelper","26f49856cf588486eb92e33612110f5efc4e625f0f00a7b7e4a390bb2286efa8","2026-02-01T12:03:18"
launch_item,"/System/Library/LaunchDaemons","com.apple.GameController.gamecontrollerd","None","bdc198b4d58871a98eb6b0b55988d616a32908f9697037353af6d349c61685ea","2026-02-01T12:03:18"
launch_item,"/System/Library/LaunchDaemons","com.apple.powerd.swd","None","29d27adb4c2937fc813d9f050b1dc1e77e3cf675e4f2a4a180d94c2fa3aaf5aa","2026-02-01T12:03:18"
launch_item,"/System/Library/LaunchDaemons","com.apple.AppSSOAgent.login","None","c03d30387b2e30d1bf496157e53b6bfafdd1e0180379b8e8762b99522485ef52","2026-02-01T12:03:18"
launch_item,"/System/Library/LaunchDaemons","com.apple.oahd-root-helper","None","d3ab78e41cf5ac43d80d3c3c5136f3883b63d455bc8709cc7c7daf50cb5d7b42","2026-02-01T12:03:18"
launch_item,"/System/Library/LaunchDaemons","com.apple.corestorage.corestoragehelperd","/usr/libexec/corestoragehelperd","292cf5a7e2f4e0c297539ef48f38692fbad90c80ab276548b776162e335d3327","2026-02-01T12:03:18"
launch_item,"/System/Library/LaunchDaemons","com.apple.security.syspolicy","None","855c7a65f7ba13837ae1b529c881b60f0e32e74a0166c6115213f541cdd9a3af","2026-02-01T12:03:18"
launch_item,"/System/Library/LaunchDaemons","com.apple.pcapd","None","33a168520fffb2ef4eee8f93a769bc8021d8f897c53696b7a9ae3e50dd33444a","2026-02-01T12:03:18"
